brand;packagetype;prijstype;Date;amount
DS;DIGI;BASE;2013-12-31;8
DS;DIGI;BASE;2014-01-31;59
DS;DIGI;BASE;2014-02-28;24
DS;DIGI;BASE;2014-03-31;15
DS;DIGI;BASE;2014-04-30;15
DS;DIGI;BASE;2014-05-31;49
DS;DIGI;BASE;2014-06-30;35
DS;DIGI;BASE;2014-07-31;39
DS;DIGI;BASE;2014-08-31;45
DS;DIGI;BASE;2014-09-30;31
DS;DIGI;BASE;2014-10-31;41
DS;DIGI;BASE;2014-11-30;33
DS;DIGI;BASE;2014-12-31;31
DS;DIGI;BASE;2015-01-31;50
DS;DIGI;BASE;2015-02-28;24
DS;DIGI;BASE;2015-03-31;41
DS;DIGI;BASE;2015-04-30;36
DS;DIGI;BASE;2015-05-31;22
DS;DIGI;BASE;2015-06-30;22
DS;DIGI;BASE;2015-07-31;33
DS;DIGI;BASE;2015-08-31;24
DS;DIGI;BASE;2015-09-30;47
DS;DIGI;BASE;2015-10-31;28
DS;DIGI;BASE;2015-11-30;29
DS;DIGI;BASE;2015-12-31;27
DS;DIGI;BASE;2016-01-31;71
DS;DIGI;BASE;2016-02-29;23
DS;DIGI;BASE;2016-03-31;34
DS;DIGI;BASE;2016-04-30;17
DS;DIGI;BASE;2016-05-31;33
DS;DIGI;BASE;2016-06-30;37
DS;DIGI;BASE;2016-07-31;44
DS;DIGI;BASE;2016-08-31;34
DS;DIGI;BASE;2016-09-30;48
DS;DIGI;BASE;2016-10-31;43
DS;DIGI;BASE;2016-11-30;41
DS;DIGI;BASE;2016-12-31;12
DS;DIGI;BASE;2017-03-31;31
DS;DIGI;BASE;2017-04-30;23
DS;DIGI;BASE;2017-05-31;23
DS;DIGI;BASE;2017-06-30;24
DS;DIGI;BASE;2017-07-31;19
DS;DIGI;BASE;2017-08-31;36
DS;DIGI;BASE;2017-09-30;32
DS;DIGI;BASE;2017-10-31;20
DS;DIGI;BASE;2017-11-30;28
DS;DIGI;BASE;2017-12-31;18
DS;DIGI;BASE;2018-01-31;39
DS;DIGI;BASE;2018-02-28;26
DS;DIGI;BASE;2018-03-31;26
DS;DIGI;BASE;2018-04-30;13
DS;DIGI;BASE;2018-05-31;22
DS;DIGI;BASE;2018-06-30;49
DS;DIGI;BASE;2018-07-31;38
DS;DIGI;BASE;2018-08-31;31
DS;DIGI;BASE;2018-09-30;41
DS;DIGI;BASE;2018-10-31;51
DS;DIGI;BASE;2018-11-30;41
DS;DIGI;BASE;2018-12-31;26
DS;DIGI;BASE;2019-01-31;43
DS;DIGI;BASE;2019-02-28;20
DS;DIGI;BASE;2019-03-31;42
DS;DIGI;BASE;2019-04-30;23
DS;DIGI;BASE;2019-05-31;15
DS;DIGI;BASE;2019-06-30;19
DS;DIGI;BASE;2019-07-31;20
DS;DIGI;BASE;2019-08-31;19
DS;DIGI;BASE;2019-09-30;17
DS;DIGI;BASE;2019-10-31;28
DS;DIGI;BASE;2019-11-30;20
DS;DIGI;BASE;2019-12-31;34
DS;DIGI;BASE;2020-01-31;50
DS;DIGI;BASE;2020-02-29;50
DS;DIGI;BASE;2020-03-31;64
DS;DIGI;BASE;2020-04-30;80
DS;DIGI;BASE;2020-05-31;66
DS;DIGI;BASE;2020-06-30;55
DS;DIGI;BASE;2020-07-31;59
DS;DIGI;BASE;2020-08-31;59
DS;DIGI;BASE;2020-09-30;61
DS;DIGI;BASE;2020-10-31;58
DS;DIGI;BASE;2020-11-30;55
DS;DIGI;BASE;2020-12-31;41
DS;DIGI;BASE;2021-01-31;37
DS;DIGI;BASE;2021-02-28;59
DS;DIGI;BASE;2021-03-31;83
DS;DIGI;BASE;2021-04-30;39
DS;DIGI;BASE;2021-05-31;41
DS;DIGI;BASE;2021-06-30;46
DS;DIGI;PROMO;2013-05-31;16
DS;DIGI;PROMO;2013-06-30;26
DS;DIGI;PROMO;2013-10-31;14
DS;DIGI;PROMO;2013-11-30;259
DS;DIGI;PROMO;2013-12-31;267
DS;DIGI;PROMO;2014-01-31;311
DS;DIGI;PROMO;2014-02-28;248
DS;DIGI;PROMO;2014-03-31;188
DS;DIGI;PROMO;2014-04-30;257
DS;DIGI;PROMO;2014-05-31;505
DS;DIGI;PROMO;2014-06-30;298
DS;DIGI;PROMO;2014-07-31;144
DS;DIGI;PROMO;2014-08-31;209
DS;DIGI;PROMO;2014-09-30;198
DS;DIGI;PROMO;2014-10-31;279
DS;DIGI;PROMO;2014-11-30;210
DS;DIGI;PROMO;2014-12-31;276
DS;DIGI;PROMO;2015-01-31;269
DS;DIGI;PROMO;2015-02-28;90
DS;DIGI;PROMO;2015-03-31;151
DS;DIGI;PROMO;2015-04-30;93
DS;DIGI;PROMO;2015-05-31;91
DS;DIGI;PROMO;2015-06-30;42
DS;DIGI;PROMO;2015-07-31;59
DS;DIGI;PROMO;2015-08-31;55
DS;DIGI;PROMO;2015-09-30;71
DS;DIGI;PROMO;2015-10-31;31
DS;DIGI;PROMO;2015-11-30;27
DS;DIGI;PROMO;2015-12-31;23
DS;DIGI;PROMO;2016-01-31;30
DS;DIGI;PROMO;2016-02-29;12
DS;DIGI;PROMO;2016-03-31;13
DS;DIGI;PROMO;2016-04-30;26
DS;DIGI;PROMO;2016-05-31;63
DS;DIGI;PROMO;2016-06-30;32
DS;DIGI;PROMO;2016-07-31;40
DS;DIGI;PROMO;2016-08-31;40
DS;DIGI;PROMO;2016-09-30;70
DS;DIGI;PROMO;2016-10-31;13
DS;DIGI;PROMO;2016-11-30;74
DS;DIGI;PROMO;2016-12-31;70
DS;DIGI;PROMO;2017-01-31;31
DS;DIGI;PROMO;2017-02-28;15
DS;DIGI;PROMO;2017-03-31;77
DS;DIGI;PROMO;2017-04-30;56
DS;DIGI;PROMO;2017-05-31;41
DS;DIGI;PROMO;2017-06-30;36
DS;DIGI;PROMO;2017-07-31;46
DS;DIGI;PROMO;2017-08-31;62
DS;DIGI;PROMO;2017-09-30;30
DS;DIGI;PROMO;2017-10-31;34
DS;DIGI;PROMO;2017-11-30;65
DS;DIGI;PROMO;2017-12-31;56
DS;DIGI;PROMO;2018-01-31;37
DS;DIGI;PROMO;2018-02-28;44
DS;DIGI;PROMO;2018-03-31;93
DS;DIGI;PROMO;2018-04-30;71
DS;DIGI;PROMO;2018-05-31;29
DS;DIGI;PROMO;2018-06-30;68
DS;DIGI;PROMO;2018-07-31;53
DS;DIGI;PROMO;2018-08-31;72
DS;DIGI;PROMO;2018-09-30;52
DS;DIGI;PROMO;2018-10-31;58
DS;DIGI;PROMO;2018-11-30;68
DS;DIGI;PROMO;2018-12-31;41
DS;DIGI;PROMO;2019-01-31;59
DS;DIGI;PROMO;2019-02-28;53
DS;DIGI;PROMO;2019-03-31;66
DS;DIGI;PROMO;2019-04-30;36
DS;DIGI;PROMO;2019-05-31;66
DS;DIGI;PROMO;2019-06-30;60
DS;DIGI;PROMO;2019-07-31;46
DS;DIGI;PROMO;2019-08-31;53
DS;DIGI;PROMO;2019-09-30;68
DS;DIGI;PROMO;2019-10-31;76
DS;DIGI;PROMO;2019-11-30;64
DS;DIGI;PROMO;2019-12-31;58
DS;DIGI;PROMO;2020-01-31;70
DS;DIGI;PROMO;2020-02-29;76
DS;DIGI;PROMO;2020-03-31;170
DS;DIGI;PROMO;2020-04-30;269
DS;DIGI;PROMO;2020-05-31;152
DS;DIGI;PROMO;2020-06-30;149
DS;DIGI;PROMO;2020-07-31;46
DS;DIGI;PROMO;2020-08-31;39
DS;DIGI;PROMO;2020-09-30;59
DS;DIGI;PROMO;2020-10-31;118
DS;DIGI;PROMO;2020-11-30;145
DS;DIGI;PROMO;2020-12-31;98
DS;DIGI;PROMO;2021-01-31;129
DS;DIGI;PROMO;2021-02-28;108
DS;DIGI;PROMO;2021-03-31;144
DS;DIGI;PROMO;2021-04-30;105
DS;DIGI;PROMO;2021-05-31;101
DS;DIGI;PROMO;2021-06-30;49
DS;DIGI;STUDENTS;2013-11-30;26
DS;DIGI;STUDENTS;2013-12-31;78
DS;DIGI;STUDENTS;2014-09-30;26
DS;DIGI;STUDENTS;2014-10-31;71
DS;DIGI;STUDENTS;2014-11-30;18
DS;DIGI;STUDENTS;2014-12-31;8
DS;DIGI;STUDENTS;2015-01-31;14
DS;DIGI;STUDENTS;2015-02-28;8
DS;DIGI;STUDENTS;2015-03-31;11
DS;DIGI;STUDENTS;2015-05-31;11
DS;DIGI;STUDENTS;2015-07-31;6
DS;DIGI;STUDENTS;2016-10-31;20
DS;DIGI;STUDENTS;2016-11-30;6
DS;DIGI;STUDENTS;2016-12-31;13
DS;DIGI;STUDENTS;2017-02-28;8
DS;DIGI;STUDENTS;2017-03-31;10
DS;DIGI;STUDENTS;2017-04-30;6
DS;DIGI;STUDENTS;2017-08-31;8
DS;DIGI;STUDENTS;2017-10-31;24
DS;DIGI;STUDENTS;2017-11-30;6
DS;DIGI;STUDENTS;2017-12-31;12
DS;DIGI;STUDENTS;2018-02-28;12
DS;DIGI;STUDENTS;2018-03-31;16
DS;DIGI;STUDENTS;2018-04-30;9
DS;DIGI;STUDENTS;2018-06-30;6
DS;DIGI;STUDENTS;2018-08-31;10
DS;DIGI;STUDENTS;2018-09-30;15
DS;DIGI;STUDENTS;2018-10-31;24
DS;DIGI;STUDENTS;2018-11-30;15
DS;DIGI;STUDENTS;2018-12-31;13
DS;DIGI;STUDENTS;2019-01-31;15
DS;DIGI;STUDENTS;2019-02-28;11
DS;DIGI;STUDENTS;2019-03-31;9
DS;DIGI;STUDENTS;2019-04-30;11
DS;DIGI;STUDENTS;2019-05-31;8
DS;DIGI;STUDENTS;2019-06-30;8
DS;DIGI;STUDENTS;2020-09-30;17
DS;DIGI;STUDENTS;2020-10-31;24
DS;DIGI;STUDENTS;2020-11-30;17
DS;DIGI;STUDENTS;2020-12-31;8
DS;DIGI;STUDENTS;2021-02-28;18
DS;DIGI;STUDENTS;2021-03-31;15
DS;DIGI;STUDENTS;2021-05-31;6
DS;DIGI;STUDENTS;2021-06-30;6
DS;DIGI;STUNT;2014-07-31;164
DS;DIGI;STUNT;2014-08-31;185
DS;DIGI;STUNT;2014-09-30;145
DS;DIGI;STUNT;2014-10-31;121
DS;DIGI;STUNT;2014-11-30;72
DS;DIGI;STUNT;2014-12-31;53
DS;DIGI;STUNT;2015-01-31;84
DS;DIGI;STUNT;2015-02-28;95
DS;DIGI;STUNT;2015-03-31;88
DS;DIGI;STUNT;2015-04-30;82
DS;DIGI;STUNT;2015-05-31;68
DS;DIGI;STUNT;2015-06-30;73
DS;DIGI;STUNT;2015-07-31;136
DS;DIGI;STUNT;2015-08-31;109
DS;DIGI;STUNT;2015-09-30;182
DS;DIGI;STUNT;2015-10-31;211
DS;DIGI;STUNT;2015-11-30;188
DS;DIGI;STUNT;2015-12-31;125
DS;DIGI;STUNT;2016-01-31;285
DS;DIGI;STUNT;2016-02-29;137
DS;DIGI;STUNT;2016-03-31;202
DS;DIGI;STUNT;2016-04-30;169
DS;DIGI;STUNT;2016-05-31;257
DS;DIGI;STUNT;2016-06-30;278
DS;DIGI;STUNT;2016-07-31;240
DS;DIGI;STUNT;2016-08-31;114
DS;DIGI;STUNT;2016-09-30;108
DS;DIGI;STUNT;2016-10-31;263
DS;DIGI;STUNT;2016-11-30;105
DS;DIGI;STUNT;2016-12-31;50
DS;DIGI;STUNT;2017-01-31;8
DS;DIGI;STUNT;2017-02-28;22
DS;DIGI;STUNT;2017-03-31;61
DS;DIGI;STUNT;2017-04-30;67
DS;DIGI;STUNT;2017-05-31;49
DS;DIGI;STUNT;2017-06-30;47
DS;DIGI;STUNT;2017-07-31;86
DS;DIGI;STUNT;2017-08-31;211
DS;DIGI;STUNT;2017-09-30;136
DS;DIGI;STUNT;2017-10-31;158
DS;DIGI;STUNT;2017-11-30;181
DS;DIGI;STUNT;2017-12-31;150
DS;DIGI;STUNT;2018-01-31;179
DS;DIGI;STUNT;2018-02-28;124
DS;DIGI;STUNT;2018-03-31;133
DS;DIGI;STUNT;2018-04-30;78
DS;DIGI;STUNT;2018-05-31;110
DS;DIGI;STUNT;2018-06-30;171
DS;DIGI;STUNT;2018-07-31;100
DS;DIGI;STUNT;2018-08-31;159
DS;DIGI;STUNT;2018-09-30;123
DS;DIGI;STUNT;2018-10-31;168
DS;DIGI;STUNT;2018-11-30;130
DS;DIGI;STUNT;2018-12-31;153
DS;DIGI;STUNT;2019-01-31;126
DS;DIGI;STUNT;2019-02-28;64
DS;DIGI;STUNT;2019-03-31;49
DS;DIGI;STUNT;2019-04-30;41
DS;DIGI;STUNT;2019-05-31;193
DS;DIGI;STUNT;2019-06-30;303
DS;DIGI;STUNT;2019-07-31;193
DS;DIGI;STUNT;2019-08-31;251
DS;DIGI;STUNT;2019-09-30;226
DS;DIGI;STUNT;2019-10-31;263
DS;DIGI;STUNT;2019-11-30;265
DS;DIGI;STUNT;2019-12-31;250
DS;DIGI;STUNT;2020-01-31;289
DS;DIGI;STUNT;2020-02-29;257
DS;DIGI;STUNT;2020-03-31;1085
DS;DIGI;STUNT;2020-04-30;1168
DS;DIGI;STUNT;2020-05-31;431
DS;DIGI;STUNT;2020-06-30;241
DS;DIGI;STUNT;2020-07-31;278
DS;DIGI;STUNT;2020-08-31;222
DS;DIGI;STUNT;2020-09-30;220
DS;DIGI;STUNT;2020-10-31;191
DS;DIGI;STUNT;2020-11-30;192
DS;DIGI;STUNT;2020-12-31;163
DS;DIGI;STUNT;2021-01-31;184
DS;DIGI;STUNT;2021-02-28;147
DS;DIGI;STUNT;2021-03-31;194
DS;DIGI;STUNT;2021-04-30;135
DS;DIGI;STUNT;2021-05-31;127
DS;DIGI;STUNT;2021-06-30;86
DS;FULL;BASE;2013-08-31;7
DS;FULL;BASE;2013-10-31;7
DS;FULL;BASE;2013-11-30;291
DS;FULL;BASE;2013-12-31;301
DS;FULL;BASE;2014-01-31;73
DS;FULL;BASE;2014-02-28;40
DS;FULL;BASE;2014-03-31;28
DS;FULL;BASE;2014-04-30;25
DS;FULL;BASE;2014-05-31;39
DS;FULL;BASE;2014-06-30;24
DS;FULL;BASE;2014-07-31;28
DS;FULL;BASE;2014-08-31;36
DS;FULL;BASE;2014-09-30;49
DS;FULL;BASE;2014-10-31;57
DS;FULL;BASE;2014-11-30;43
DS;FULL;BASE;2014-12-31;29
DS;FULL;BASE;2015-01-31;61
DS;FULL;BASE;2015-02-28;22
DS;FULL;BASE;2015-03-31;41
DS;FULL;BASE;2015-04-30;22
DS;FULL;BASE;2015-05-31;26
DS;FULL;BASE;2015-06-30;27
DS;FULL;BASE;2015-07-31;23
DS;FULL;BASE;2015-08-31;25
DS;FULL;BASE;2015-09-30;46
DS;FULL;BASE;2015-10-31;38
DS;FULL;BASE;2015-11-30;20
DS;FULL;BASE;2015-12-31;15
DS;FULL;BASE;2016-01-31;62
DS;FULL;BASE;2016-02-29;21
DS;FULL;BASE;2016-03-31;33
DS;FULL;BASE;2016-04-30;21
DS;FULL;BASE;2016-05-31;31
DS;FULL;BASE;2016-06-30;36
DS;FULL;BASE;2016-07-31;16
DS;FULL;BASE;2016-08-31;22
DS;FULL;BASE;2016-09-30;40
DS;FULL;BASE;2016-10-31;35
DS;FULL;BASE;2016-11-30;30
DS;FULL;BASE;2016-12-31;21
DS;FULL;BASE;2017-01-31;27
DS;FULL;BASE;2017-02-28;20
DS;FULL;BASE;2017-03-31;16
DS;FULL;BASE;2017-04-30;13
DS;FULL;BASE;2017-05-31;18
DS;FULL;BASE;2017-06-30;18
DS;FULL;BASE;2017-07-31;12
DS;FULL;BASE;2017-08-31;15
DS;FULL;BASE;2017-09-30;27
DS;FULL;BASE;2017-10-31;12
DS;FULL;BASE;2017-11-30;24
DS;FULL;BASE;2017-12-31;20
DS;FULL;BASE;2018-01-31;19
DS;FULL;BASE;2018-02-28;6
DS;FULL;BASE;2018-03-31;23
DS;FULL;BASE;2018-04-30;48
DS;FULL;BASE;2018-05-31;74
DS;FULL;BASE;2018-06-30;76
DS;FULL;BASE;2018-07-31;72
DS;FULL;BASE;2018-08-31;85
DS;FULL;BASE;2018-09-30;114
DS;FULL;BASE;2018-10-31;93
DS;FULL;BASE;2018-11-30;85
DS;FULL;BASE;2018-12-31;75
DS;FULL;BASE;2019-01-31;88
DS;FULL;BASE;2019-02-28;50
DS;FULL;BASE;2019-03-31;45
DS;FULL;BASE;2019-04-30;41
DS;FULL;BASE;2019-05-31;25
DS;FULL;BASE;2019-06-30;33
DS;FULL;BASE;2019-07-31;34
DS;FULL;BASE;2019-08-31;34
DS;FULL;BASE;2019-09-30;31
DS;FULL;BASE;2019-10-31;40
DS;FULL;BASE;2019-11-30;27
DS;FULL;BASE;2019-12-31;35
DS;FULL;BASE;2020-01-31;78
DS;FULL;BASE;2020-02-29;60
DS;FULL;BASE;2020-03-31;100
DS;FULL;BASE;2020-04-30;96
DS;FULL;BASE;2020-05-31;85
DS;FULL;BASE;2020-06-30;81
DS;FULL;BASE;2020-07-31;62
DS;FULL;BASE;2020-08-31;71
DS;FULL;BASE;2020-09-30;84
DS;FULL;BASE;2020-10-31;81
DS;FULL;BASE;2020-11-30;70
DS;FULL;BASE;2020-12-31;68
DS;FULL;BASE;2021-01-31;88
DS;FULL;BASE;2021-02-28;92
DS;FULL;BASE;2021-03-31;90
DS;FULL;BASE;2021-04-30;81
DS;FULL;BASE;2021-05-31;58
DS;FULL;BASE;2021-06-30;65
DS;FULL;PROMO;2012-11-30;9
DS;FULL;PROMO;2012-12-31;19
DS;FULL;PROMO;2013-01-31;86
DS;FULL;PROMO;2013-02-28;149
DS;FULL;PROMO;2013-03-31;211
DS;FULL;PROMO;2013-04-30;107
DS;FULL;PROMO;2013-05-31;27
DS;FULL;PROMO;2013-06-30;14
DS;FULL;PROMO;2013-07-31;21
DS;FULL;PROMO;2013-08-31;11
DS;FULL;PROMO;2013-09-30;23
DS;FULL;PROMO;2013-10-31;187
DS;FULL;PROMO;2013-11-30;383
DS;FULL;PROMO;2013-12-31;519
DS;FULL;PROMO;2014-01-31;255
DS;FULL;PROMO;2014-02-28;292
DS;FULL;PROMO;2014-03-31;220
DS;FULL;PROMO;2014-04-30;243
DS;FULL;PROMO;2014-05-31;343
DS;FULL;PROMO;2014-06-30;325
DS;FULL;PROMO;2014-07-31;251
DS;FULL;PROMO;2014-08-31;323
DS;FULL;PROMO;2014-09-30;606
DS;FULL;PROMO;2014-10-31;574
DS;FULL;PROMO;2014-11-30;477
DS;FULL;PROMO;2014-12-31;545
DS;FULL;PROMO;2015-01-31;721
DS;FULL;PROMO;2015-02-28;511
DS;FULL;PROMO;2015-03-31;647
DS;FULL;PROMO;2015-04-30;427
DS;FULL;PROMO;2015-05-31;314
DS;FULL;PROMO;2015-06-30;252
DS;FULL;PROMO;2015-07-31;246
DS;FULL;PROMO;2015-08-31;273
DS;FULL;PROMO;2015-09-30;518
DS;FULL;PROMO;2015-10-31;697
DS;FULL;PROMO;2015-11-30;479
DS;FULL;PROMO;2015-12-31;386
DS;FULL;PROMO;2016-01-31;571
DS;FULL;PROMO;2016-02-29;428
DS;FULL;PROMO;2016-03-31;287
DS;FULL;PROMO;2016-04-30;253
DS;FULL;PROMO;2016-05-31;291
DS;FULL;PROMO;2016-06-30;333
DS;FULL;PROMO;2016-07-31;229
DS;FULL;PROMO;2016-08-31;280
DS;FULL;PROMO;2016-09-30;403
DS;FULL;PROMO;2016-10-31;308
DS;FULL;PROMO;2016-11-30;354
DS;FULL;PROMO;2016-12-31;391
DS;FULL;PROMO;2017-01-31;438
DS;FULL;PROMO;2017-02-28;395
DS;FULL;PROMO;2017-03-31;334
DS;FULL;PROMO;2017-04-30;310
DS;FULL;PROMO;2017-05-31;246
DS;FULL;PROMO;2017-06-30;173
DS;FULL;PROMO;2017-07-31;131
DS;FULL;PROMO;2017-08-31;296
DS;FULL;PROMO;2017-09-30;503
DS;FULL;PROMO;2017-10-31;354
DS;FULL;PROMO;2017-11-30;350
DS;FULL;PROMO;2017-12-31;274
DS;FULL;PROMO;2018-01-31;448
DS;FULL;PROMO;2018-02-28;374
DS;FULL;PROMO;2018-03-31;307
DS;FULL;PROMO;2018-04-30;259
DS;FULL;PROMO;2018-05-31;174
DS;FULL;PROMO;2018-06-30;220
DS;FULL;PROMO;2018-07-31;188
DS;FULL;PROMO;2018-08-31;221
DS;FULL;PROMO;2018-09-30;386
DS;FULL;PROMO;2018-10-31;434
DS;FULL;PROMO;2018-11-30;355
DS;FULL;PROMO;2018-12-31;359
DS;FULL;PROMO;2019-01-31;472
DS;FULL;PROMO;2019-02-28;341
DS;FULL;PROMO;2019-03-31;270
DS;FULL;PROMO;2019-04-30;231
DS;FULL;PROMO;2019-05-31;300
DS;FULL;PROMO;2019-06-30;191
DS;FULL;PROMO;2019-07-31;157
DS;FULL;PROMO;2019-08-31;165
DS;FULL;PROMO;2019-09-30;305
DS;FULL;PROMO;2019-10-31;362
DS;FULL;PROMO;2019-11-30;280
DS;FULL;PROMO;2019-12-31;176
DS;FULL;PROMO;2020-01-31;272
DS;FULL;PROMO;2020-02-29;248
DS;FULL;PROMO;2020-03-31;333
DS;FULL;PROMO;2020-04-30;571
DS;FULL;PROMO;2020-05-31;295
DS;FULL;PROMO;2020-06-30;231
DS;FULL;PROMO;2020-07-31;142
DS;FULL;PROMO;2020-08-31;71
DS;FULL;PROMO;2020-09-30;95
DS;FULL;PROMO;2020-10-31;234
DS;FULL;PROMO;2020-11-30;213
DS;FULL;PROMO;2020-12-31;210
DS;FULL;PROMO;2021-01-31;286
DS;FULL;PROMO;2021-02-28;176
DS;FULL;PROMO;2021-03-31;177
DS;FULL;PROMO;2021-04-30;103
DS;FULL;PROMO;2021-05-31;138
DS;FULL;PROMO;2021-06-30;96
DS;FULL;STUDENTS;2013-09-30;144
DS;FULL;STUDENTS;2013-10-31;370
DS;FULL;STUDENTS;2013-11-30;370
DS;FULL;STUDENTS;2013-12-31;316
DS;FULL;STUDENTS;2014-01-31;97
DS;FULL;STUDENTS;2014-02-28;97
DS;FULL;STUDENTS;2014-03-31;82
DS;FULL;STUDENTS;2014-04-30;49
DS;FULL;STUDENTS;2014-05-31;47
DS;FULL;STUDENTS;2014-06-30;35
DS;FULL;STUDENTS;2014-07-31;39
DS;FULL;STUDENTS;2014-08-31;51
DS;FULL;STUDENTS;2014-09-30;183
DS;FULL;STUDENTS;2014-10-31;731
DS;FULL;STUDENTS;2014-11-30;244
DS;FULL;STUDENTS;2014-12-31;147
DS;FULL;STUDENTS;2015-01-31;152
DS;FULL;STUDENTS;2015-02-28;108
DS;FULL;STUDENTS;2015-03-31;135
DS;FULL;STUDENTS;2015-04-30;68
DS;FULL;STUDENTS;2015-05-31;56
DS;FULL;STUDENTS;2015-06-30;59
DS;FULL;STUDENTS;2015-07-31;35
DS;FULL;STUDENTS;2015-08-31;45
DS;FULL;STUDENTS;2015-09-30;179
DS;FULL;STUDENTS;2015-10-31;412
DS;FULL;STUDENTS;2015-11-30;197
DS;FULL;STUDENTS;2015-12-31;96
DS;FULL;STUDENTS;2016-01-31;135
DS;FULL;STUDENTS;2016-02-29;85
DS;FULL;STUDENTS;2016-03-31;96
DS;FULL;STUDENTS;2016-04-30;72
DS;FULL;STUDENTS;2016-05-31;54
DS;FULL;STUDENTS;2016-06-30;52
DS;FULL;STUDENTS;2016-07-31;31
DS;FULL;STUDENTS;2016-08-31;53
DS;FULL;STUDENTS;2016-09-30;95
DS;FULL;STUDENTS;2016-10-31;224
DS;FULL;STUDENTS;2016-11-30;163
DS;FULL;STUDENTS;2016-12-31;92
DS;FULL;STUDENTS;2017-01-31;93
DS;FULL;STUDENTS;2017-02-28;66
DS;FULL;STUDENTS;2017-03-31;59
DS;FULL;STUDENTS;2017-04-30;48
DS;FULL;STUDENTS;2017-05-31;47
DS;FULL;STUDENTS;2017-06-30;31
DS;FULL;STUDENTS;2017-07-31;20
DS;FULL;STUDENTS;2017-08-31;39
DS;FULL;STUDENTS;2017-09-30;84
DS;FULL;STUDENTS;2017-10-31;184
DS;FULL;STUDENTS;2017-11-30;127
DS;FULL;STUDENTS;2017-12-31;86
DS;FULL;STUDENTS;2018-01-31;71
DS;FULL;STUDENTS;2018-02-28;53
DS;FULL;STUDENTS;2018-03-31;62
DS;FULL;STUDENTS;2018-04-30;46
DS;FULL;STUDENTS;2018-05-31;45
DS;FULL;STUDENTS;2018-06-30;40
DS;FULL;STUDENTS;2018-07-31;27
DS;FULL;STUDENTS;2018-08-31;35
DS;FULL;STUDENTS;2018-09-30;81
DS;FULL;STUDENTS;2018-10-31;167
DS;FULL;STUDENTS;2018-11-30;117
DS;FULL;STUDENTS;2018-12-31;69
DS;FULL;STUDENTS;2019-01-31;66
DS;FULL;STUDENTS;2019-02-28;67
DS;FULL;STUDENTS;2019-03-31;52
DS;FULL;STUDENTS;2019-04-30;37
DS;FULL;STUDENTS;2019-05-31;47
DS;FULL;STUDENTS;2019-06-30;35
DS;FULL;STUDENTS;2019-07-31;21
DS;FULL;STUDENTS;2019-08-31;35
DS;FULL;STUDENTS;2019-09-30;87
DS;FULL;STUDENTS;2019-10-31;100
DS;FULL;STUDENTS;2019-11-30;61
DS;FULL;STUDENTS;2019-12-31;53
DS;FULL;STUDENTS;2020-01-31;54
DS;FULL;STUDENTS;2020-02-29;56
DS;FULL;STUDENTS;2020-03-31;61
DS;FULL;STUDENTS;2020-04-30;73
DS;FULL;STUDENTS;2020-05-31;51
DS;FULL;STUDENTS;2020-06-30;29
DS;FULL;STUDENTS;2020-07-31;33
DS;FULL;STUDENTS;2020-08-31;36
DS;FULL;STUDENTS;2020-09-30;46
DS;FULL;STUDENTS;2020-10-31;82
DS;FULL;STUDENTS;2020-11-30;64
DS;FULL;STUDENTS;2020-12-31;49
DS;FULL;STUDENTS;2021-01-31;39
DS;FULL;STUDENTS;2021-02-28;52
DS;FULL;STUDENTS;2021-03-31;33
DS;FULL;STUDENTS;2021-04-30;26
DS;FULL;STUDENTS;2021-05-31;19
DS;FULL;STUDENTS;2021-06-30;19
DS;FULL;STUNT;2015-06-30;26
DS;FULL;STUNT;2015-07-31;53
DS;FULL;STUNT;2015-08-31;37
DS;FULL;STUNT;2015-09-30;75
DS;FULL;STUNT;2015-10-31;53
DS;FULL;STUNT;2015-11-30;63
DS;FULL;STUNT;2015-12-31;30
DS;FULL;STUNT;2016-01-31;80
DS;FULL;STUNT;2016-02-29;43
DS;FULL;STUNT;2016-03-31;49
DS;FULL;STUNT;2016-04-30;33
DS;FULL;STUNT;2016-05-31;40
DS;FULL;STUNT;2016-06-30;33
DS;FULL;STUNT;2016-07-31;16
DS;FULL;STUNT;2016-08-31;30
DS;FULL;STUNT;2016-09-30;63
DS;FULL;STUNT;2016-10-31;401
DS;FULL;STUNT;2016-11-30;165
DS;FULL;STUNT;2016-12-31;57
DS;FULL;STUNT;2017-01-31;36
DS;FULL;STUNT;2017-02-28;34
DS;FULL;STUNT;2017-03-31;28
DS;FULL;STUNT;2017-04-30;43
DS;FULL;STUNT;2017-05-31;39
DS;FULL;STUNT;2017-06-30;27
DS;FULL;STUNT;2017-07-31;39
DS;FULL;STUNT;2017-08-31;38
DS;FULL;STUNT;2017-09-30;31
DS;FULL;STUNT;2017-10-31;47
DS;FULL;STUNT;2017-11-30;34
DS;FULL;STUNT;2017-12-31;24
DS;FULL;STUNT;2018-01-31;27
DS;FULL;STUNT;2018-02-28;11
DS;FULL;STUNT;2018-03-31;8
DS;FULL;STUNT;2018-04-30;10
DS;FULL;STUNT;2018-05-31;16
DS;FULL;STUNT;2018-06-30;11
DS;FULL;STUNT;2018-07-31;14
DS;FULL;STUNT;2018-08-31;21
DS;FULL;STUNT;2018-09-30;28
DS;FULL;STUNT;2018-10-31;21
DS;FULL;STUNT;2018-11-30;28
DS;FULL;STUNT;2018-12-31;23
DS;FULL;STUNT;2019-01-31;25
DS;FULL;STUNT;2019-02-28;20
DS;FULL;STUNT;2019-03-31;28
DS;FULL;STUNT;2019-04-30;12
DS;FULL;STUNT;2019-05-31;26
DS;FULL;STUNT;2019-06-30;13
DS;FULL;STUNT;2019-07-31;47
DS;FULL;STUNT;2019-08-31;27
DS;FULL;STUNT;2019-09-30;16
DS;FULL;STUNT;2019-10-31;18
DS;FULL;STUNT;2019-11-30;21
DS;FULL;STUNT;2019-12-31;16
DS;FULL;STUNT;2020-01-31;25
DS;FULL;STUNT;2020-02-29;20
DS;FULL;STUNT;2020-03-31;69
DS;FULL;STUNT;2020-04-30;72
DS;FULL;STUNT;2020-05-31;26
DS;FULL;STUNT;2020-06-30;23
DS;FULL;STUNT;2020-07-31;56
DS;FULL;STUNT;2020-08-31;83
DS;FULL;STUNT;2020-09-30;57
DS;FULL;STUNT;2020-10-31;14
DS;FULL;STUNT;2020-11-30;27
DS;FULL;STUNT;2021-01-31;9
DS;FULL;STUNT;2021-02-28;9
DS;FULL;STUNT;2021-03-31;11
DS;FULL;STUNT;2021-04-30;11
DS;FULL;STUNT;2021-05-31;8
DS;FULL;STUNT;2021-06-30;10
DS;PLUS;BASE;2019-02-28;15
DS;PLUS;BASE;2019-03-31;19
DS;PLUS;BASE;2019-04-30;11
DS;PLUS;BASE;2019-05-31;19
DS;PLUS;BASE;2019-06-30;38
DS;PLUS;BASE;2019-07-31;11
DS;PLUS;BASE;2019-08-31;16
DS;PLUS;BASE;2019-09-30;14
DS;PLUS;BASE;2019-10-31;14
DS;PLUS;BASE;2019-11-30;16
DS;PLUS;BASE;2019-12-31;20
DS;PLUS;BASE;2020-01-31;23
DS;PLUS;BASE;2020-02-29;33
DS;PLUS;BASE;2020-03-31;38
DS;PLUS;BASE;2020-04-30;33
DS;PLUS;BASE;2020-05-31;31
DS;PLUS;BASE;2020-06-30;21
DS;PLUS;BASE;2020-07-31;16
DS;PLUS;BASE;2020-08-31;23
DS;PLUS;BASE;2020-09-30;24
DS;PLUS;BASE;2020-10-31;41
DS;PLUS;BASE;2020-11-30;30
DS;PLUS;BASE;2020-12-31;22
DS;PLUS;BASE;2021-01-31;25
DS;PLUS;BASE;2021-02-28;33
DS;PLUS;BASE;2021-03-31;29
DS;PLUS;BASE;2021-04-30;24
DS;PLUS;BASE;2021-05-31;18
DS;PLUS;BASE;2021-06-30;10
DS;PLUS;PROMO;2019-02-28;54
DS;PLUS;PROMO;2019-03-31;54
DS;PLUS;PROMO;2019-04-30;46
DS;PLUS;PROMO;2019-05-31;78
DS;PLUS;PROMO;2019-06-30;79
DS;PLUS;PROMO;2019-07-31;56
DS;PLUS;PROMO;2019-08-31;70
DS;PLUS;PROMO;2019-09-30;61
DS;PLUS;PROMO;2019-10-31;73
DS;PLUS;PROMO;2019-11-30;104
DS;PLUS;PROMO;2019-12-31;58
DS;PLUS;PROMO;2020-01-31;79
DS;PLUS;PROMO;2020-02-29;79
DS;PLUS;PROMO;2020-03-31;185
DS;PLUS;PROMO;2020-04-30;177
DS;PLUS;PROMO;2020-05-31;81
DS;PLUS;PROMO;2020-06-30;96
DS;PLUS;PROMO;2020-07-31;95
DS;PLUS;PROMO;2020-08-31;133
DS;PLUS;PROMO;2020-09-30;134
DS;PLUS;PROMO;2020-10-31;116
DS;PLUS;PROMO;2020-11-30;75
DS;PLUS;PROMO;2020-12-31;37
DS;PLUS;PROMO;2021-01-31;41
DS;PLUS;PROMO;2021-02-28;68
DS;PLUS;PROMO;2021-03-31;95
DS;PLUS;PROMO;2021-04-30;81
DS;PLUS;PROMO;2021-05-31;64
DS;PLUS;PROMO;2021-06-30;54
DS;PLUS;STUNT;2019-01-31;23
DS;PLUS;STUNT;2019-02-28;169
DS;PLUS;STUNT;2019-03-31;124
DS;PLUS;STUNT;2019-04-30;83
DS;PLUS;STUNT;2019-05-31;51
DS;PLUS;STUNT;2019-06-30;7
DS;PLUS;STUNT;2019-07-31;6
DS;PLUS;STUNT;2019-08-31;11
DS;PLUS;STUNT;2019-10-31;6
DS;WEDI;BASE;2014-01-31;31
DS;WEDI;BASE;2014-02-28;11
DS;WEDI;BASE;2014-03-31;11
DS;WEDI;BASE;2014-04-30;8
DS;WEDI;BASE;2014-05-31;19
DS;WEDI;BASE;2014-06-30;9
DS;WEDI;BASE;2014-07-31;12
DS;WEDI;BASE;2014-08-31;26
DS;WEDI;BASE;2014-09-30;15
DS;WEDI;BASE;2014-10-31;29
DS;WEDI;BASE;2014-11-30;22
DS;WEDI;BASE;2014-12-31;25
DS;WEDI;BASE;2015-01-31;51
DS;WEDI;BASE;2015-02-28;21
DS;WEDI;BASE;2015-03-31;20
DS;WEDI;BASE;2015-04-30;12
DS;WEDI;BASE;2015-05-31;8
DS;WEDI;PROMO;2013-03-31;6
DS;WEDI;PROMO;2013-10-31;71
DS;WEDI;PROMO;2013-11-30;383
DS;WEDI;PROMO;2013-12-31;441
DS;WEDI;PROMO;2014-01-31;87
DS;WEDI;PROMO;2014-02-28;148
DS;WEDI;PROMO;2014-03-31;86
DS;WEDI;PROMO;2014-04-30;126
DS;WEDI;PROMO;2014-05-31;295
DS;WEDI;PROMO;2014-06-30;239
DS;WEDI;PROMO;2014-07-31;116
DS;WEDI;PROMO;2014-08-31;380
DS;WEDI;PROMO;2014-09-30;290
DS;WEDI;PROMO;2014-10-31;286
DS;WEDI;PROMO;2014-11-30;278
DS;WEDI;PROMO;2014-12-31;357
DS;WEDI;PROMO;2015-01-31;433
DS;WEDI;PROMO;2015-02-28;211
DS;WEDI;PROMO;2015-03-31;311
DS;WEDI;PROMO;2015-04-30;193
DS;WEDI;PROMO;2015-05-31;166
DS;WEDI;PROMO;2015-06-30;51
DS;WEDI;PROMO;2015-07-31;31
DS;WEDI;PROMO;2015-08-31;23
DS;WEDI;PROMO;2015-09-30;58
DS;WEDI;PROMO;2015-10-31;105
DS;WEDI;PROMO;2015-11-30;54
DS;WEDI;PROMO;2015-12-31;49
DS;WEDI;PROMO;2016-01-31;22
DS;WEDI;PROMO;2016-02-29;14
DS;WEDI;PROMO;2016-03-31;12
DS;WEDI;PROMO;2016-04-30;7
DS;WEDI;PROMO;2016-05-31;7
DS;WEDI;PROMO;2016-06-30;13
DS;WEDI;PROMO;2016-08-31;6
DS;WEDI;PROMO;2016-09-30;13
DS;WEDI;PROMO;2016-10-31;15
DS;WEDI;PROMO;2016-11-30;7
DS;WEDI;PROMO;2016-12-31;10
DS;WEDI;PROMO;2017-05-31;6
DS;WEDI;PROMO;2017-08-31;7
DS;WEDI;PROMO;2017-09-30;12
DS;WEDI;PROMO;2019-04-30;7
DS;WEDI;PROMO;2019-05-31;7
DS;WEEKEND;BASE;2013-11-30;29
DS;WEEKEND;BASE;2013-12-31;42
DS;WEEKEND;BASE;2014-01-31;97
DS;WEEKEND;BASE;2014-02-28;44
DS;WEEKEND;BASE;2014-03-31;34
DS;WEEKEND;BASE;2014-04-30;34
DS;WEEKEND;BASE;2014-05-31;44
DS;WEEKEND;BASE;2014-06-30;31
DS;WEEKEND;BASE;2014-07-31;24
DS;WEEKEND;BASE;2014-08-31;38
DS;WEEKEND;BASE;2014-09-30;39
DS;WEEKEND;BASE;2014-10-31;53
DS;WEEKEND;BASE;2014-11-30;30
DS;WEEKEND;BASE;2014-12-31;42
DS;WEEKEND;BASE;2015-01-31;94
DS;WEEKEND;BASE;2015-02-28;28
DS;WEEKEND;BASE;2015-03-31;35
DS;WEEKEND;BASE;2015-04-30;23
DS;WEEKEND;BASE;2015-05-31;29
DS;WEEKEND;BASE;2015-06-30;13
DS;WEEKEND;BASE;2015-07-31;11
DS;WEEKEND;BASE;2015-08-31;8
DS;WEEKEND;BASE;2015-09-30;10
DS;WEEKEND;BASE;2015-10-31;18
DS;WEEKEND;BASE;2015-11-30;10
DS;WEEKEND;BASE;2016-01-31;23
DS;WEEKEND;BASE;2016-02-29;11
DS;WEEKEND;BASE;2016-03-31;10
DS;WEEKEND;BASE;2016-04-30;6
DS;WEEKEND;BASE;2016-05-31;14
DS;WEEKEND;BASE;2016-09-30;12
DS;WEEKEND;BASE;2016-10-31;8
DS;WEEKEND;BASE;2016-12-31;14
DS;WEEKEND;BASE;2017-01-31;9
DS;WEEKEND;BASE;2017-02-28;6
DS;WEEKEND;BASE;2017-03-31;7
DS;WEEKEND;BASE;2017-05-31;6
DS;WEEKEND;BASE;2017-09-30;7
DS;WEEKEND;BASE;2017-11-30;6
DS;WEEKEND;BASE;2017-12-31;7
DS;WEEKEND;BASE;2018-02-28;6
DS;WEEKEND;BASE;2018-09-30;15
DS;WEEKEND;BASE;2018-10-31;7
DS;WEEKEND;BASE;2018-11-30;14
DS;WEEKEND;BASE;2018-12-31;12
DS;WEEKEND;BASE;2019-01-31;7
DS;WEEKEND;BASE;2020-02-29;8
DS;WEEKEND;BASE;2020-03-31;8
DS;WEEKEND;BASE;2020-04-30;6
DS;WEEKEND;BASE;2020-05-31;7
DS;WEEKEND;BASE;2020-06-30;8
DS;WEEKEND;BASE;2020-07-31;6
DS;WEEKEND;BASE;2020-08-31;8
DS;WEEKEND;BASE;2020-10-31;8
DS;WEEKEND;BASE;2021-01-31;13
DS;WEEKEND;BASE;2021-03-31;7
DS;WEEKEND;PROMO;2013-01-31;17
DS;WEEKEND;PROMO;2013-03-31;58
DS;WEEKEND;PROMO;2013-04-30;17
DS;WEEKEND;PROMO;2014-01-31;50
DS;WEEKEND;PROMO;2014-02-28;367
DS;WEEKEND;PROMO;2014-03-31;26
DS;WEEKEND;PROMO;2014-04-30;18
DS;WEEKEND;PROMO;2014-05-31;33
DS;WEEKEND;PROMO;2014-06-30;14
DS;WEEKEND;PROMO;2014-07-31;22
DS;WEEKEND;PROMO;2014-08-31;25
DS;WEEKEND;PROMO;2014-09-30;62
DS;WEEKEND;PROMO;2014-10-31;59
DS;WEEKEND;PROMO;2014-11-30;97
DS;WEEKEND;PROMO;2014-12-31;41
DS;WEEKEND;PROMO;2015-01-31;72
DS;WEEKEND;PROMO;2015-02-28;23
DS;WEEKEND;PROMO;2015-03-31;22
DS;WEEKEND;PROMO;2015-04-30;13
DS;WEEKEND;PROMO;2015-05-31;22
DS;WEEKEND;PROMO;2015-06-30;27
DS;WEEKEND;PROMO;2015-07-31;36
DS;WEEKEND;PROMO;2015-08-31;38
DS;WEEKEND;PROMO;2015-09-30;82
DS;WEEKEND;PROMO;2015-10-31;91
DS;WEEKEND;PROMO;2015-11-30;63
DS;WEEKEND;PROMO;2015-12-31;35
DS;WEEKEND;PROMO;2016-01-31;95
DS;WEEKEND;PROMO;2016-02-29;38
DS;WEEKEND;PROMO;2016-03-31;14
DS;WEEKEND;PROMO;2016-04-30;20
DS;WEEKEND;PROMO;2016-05-31;14
DS;WEEKEND;PROMO;2016-06-30;24
DS;WEEKEND;PROMO;2016-07-31;26
DS;WEEKEND;PROMO;2016-08-31;18
DS;WEEKEND;PROMO;2016-09-30;50
DS;WEEKEND;PROMO;2016-10-31;69
DS;WEEKEND;PROMO;2016-11-30;41
DS;WEEKEND;PROMO;2016-12-31;33
DS;WEEKEND;PROMO;2017-01-31;23
DS;WEEKEND;PROMO;2017-02-28;16
DS;WEEKEND;PROMO;2017-03-31;8
DS;WEEKEND;PROMO;2017-04-30;16
DS;WEEKEND;PROMO;2017-05-31;11
DS;WEEKEND;PROMO;2017-06-30;7
DS;WEEKEND;PROMO;2017-08-31;20
DS;WEEKEND;PROMO;2017-09-30;24
DS;WEEKEND;PROMO;2017-10-31;26
DS;WEEKEND;PROMO;2017-11-30;17
DS;WEEKEND;PROMO;2017-12-31;26
DS;WEEKEND;PROMO;2018-01-31;10
DS;WEEKEND;PROMO;2018-02-28;14
DS;WEEKEND;PROMO;2018-03-31;10
DS;WEEKEND;PROMO;2018-04-30;10
DS;WEEKEND;PROMO;2018-05-31;6
DS;WEEKEND;PROMO;2018-06-30;11
DS;WEEKEND;PROMO;2018-08-31;16
DS;WEEKEND;PROMO;2018-09-30;24
DS;WEEKEND;PROMO;2018-10-31;16
DS;WEEKEND;PROMO;2018-11-30;22
DS;WEEKEND;PROMO;2018-12-31;10
DS;WEEKEND;PROMO;2019-01-31;12
DS;WEEKEND;PROMO;2019-02-28;12
DS;WEEKEND;PROMO;2019-03-31;10
DS;WEEKEND;PROMO;2019-05-31;13
DS;WEEKEND;PROMO;2019-06-30;7
DS;WEEKEND;PROMO;2019-07-31;7
DS;WEEKEND;PROMO;2019-08-31;8
DS;WEEKEND;PROMO;2019-09-30;8
DS;WEEKEND;PROMO;2019-11-30;7
DS;WEEKEND;PROMO;2020-01-31;9
DS;WEEKEND;PROMO;2020-03-31;11
DS;WEEKEND;PROMO;2020-04-30;18
DS;WEEKEND;PROMO;2020-05-31;15
DS;WEEKEND;STUNT;2015-08-31;7
DS;WEEKEND;STUNT;2015-09-30;8
DS;WEEKEND;STUNT;2015-10-31;14
DS;WEEKEND;STUNT;2015-11-30;6
DS;WEEKEND;STUNT;2016-01-31;11
DS;WEEKEND;STUNT;2016-05-31;6
DS;WEEKEND;STUNT;2016-09-30;8
DS;WEEKEND;STUNT;2016-11-30;6
DS;WEEKEND;STUNT;2017-03-31;10
DS;WEEKEND;STUNT;2017-08-31;7
DS;WEEKEND;STUNT;2017-09-30;12
DS;WEEKEND;STUNT;2017-12-31;6
DS;WEEKEND;STUNT;2018-05-31;7
DS;WEEKEND;STUNT;2018-09-30;11
DS;WEEKEND;STUNT;2018-10-31;6
DS;WEEKEND;STUNT;2018-11-30;11
DS;WEEKEND;STUNT;2018-12-31;6
DS;WEEKEND;STUNT;2019-01-31;6
DS;WEEKEND;STUNT;2019-02-28;6
DS;WEEKEND;STUNT;2019-03-31;10
DS;WEEKEND;STUNT;2019-05-31;7
DS;WEEKEND;STUNT;2019-08-31;10
DS;WEEKEND;STUNT;2019-09-30;9
DS;WEEKEND;STUNT;2019-10-31;13
DS;WEEKEND;STUNT;2019-11-30;7
DS;WEEKEND;STUNT;2019-12-31;6
DS;WEEKEND;STUNT;2020-01-31;8
DS;WEEKEND;STUNT;2020-02-29;6
DS;WEEKEND;STUNT;2020-03-31;11
DS;WEEKEND;STUNT;2020-04-30;35
DS;WEEKEND;STUNT;2020-05-31;21
DS;WEEKEND;STUNT;2020-06-30;7
DS;ZADI;BASE;2015-06-30;19
DS;ZADI;BASE;2015-07-31;13
DS;ZADI;BASE;2015-08-31;27
DS;ZADI;BASE;2015-09-30;36
DS;ZADI;BASE;2015-10-31;24
DS;ZADI;BASE;2015-11-30;17
DS;ZADI;BASE;2015-12-31;12
DS;ZADI;BASE;2016-01-31;42
DS;ZADI;BASE;2016-02-29;9
DS;ZADI;BASE;2016-03-31;13
DS;ZADI;BASE;2016-04-30;16
DS;ZADI;BASE;2016-05-31;25
DS;ZADI;BASE;2016-06-30;18
DS;ZADI;BASE;2016-07-31;20
DS;ZADI;BASE;2016-08-31;11
DS;ZADI;BASE;2016-09-30;39
DS;ZADI;BASE;2016-10-31;27
DS;ZADI;BASE;2016-11-30;23
DS;ZADI;BASE;2016-12-31;26
DS;ZADI;BASE;2017-01-31;29
DS;ZADI;BASE;2017-02-28;23
DS;ZADI;BASE;2017-03-31;25
DS;ZADI;BASE;2017-04-30;24
DS;ZADI;BASE;2017-05-31;20
DS;ZADI;BASE;2017-06-30;8
DS;ZADI;BASE;2017-07-31;13
DS;ZADI;BASE;2017-08-31;23
DS;ZADI;BASE;2017-09-30;30
DS;ZADI;BASE;2017-10-31;13
DS;ZADI;BASE;2017-11-30;14
DS;ZADI;BASE;2017-12-31;25
DS;ZADI;BASE;2018-01-31;18
DS;ZADI;BASE;2018-02-28;12
DS;ZADI;BASE;2018-03-31;18
DS;ZADI;BASE;2018-04-30;18
DS;ZADI;BASE;2018-05-31;8
DS;ZADI;BASE;2018-06-30;33
DS;ZADI;BASE;2018-07-31;26
DS;ZADI;BASE;2018-08-31;39
DS;ZADI;BASE;2018-09-30;38
DS;ZADI;BASE;2018-10-31;43
DS;ZADI;BASE;2018-11-30;41
DS;ZADI;BASE;2018-12-31;45
DS;ZADI;BASE;2019-01-31;31
DS;ZADI;BASE;2019-02-28;39
DS;ZADI;BASE;2019-03-31;48
DS;ZADI;BASE;2019-04-30;27
DS;ZADI;BASE;2019-05-31;35
DS;ZADI;BASE;2019-06-30;41
DS;ZADI;BASE;2019-07-31;34
DS;ZADI;BASE;2019-08-31;36
DS;ZADI;BASE;2019-09-30;28
DS;ZADI;BASE;2019-10-31;46
DS;ZADI;BASE;2019-11-30;49
DS;ZADI;BASE;2019-12-31;32
DS;ZADI;BASE;2020-01-31;116
DS;ZADI;BASE;2020-02-29;83
DS;ZADI;BASE;2020-03-31;108
DS;ZADI;BASE;2020-04-30;114
DS;ZADI;BASE;2020-05-31;99
DS;ZADI;BASE;2020-06-30;102
DS;ZADI;BASE;2020-07-31;87
DS;ZADI;BASE;2020-08-31;103
DS;ZADI;BASE;2020-09-30;97
DS;ZADI;BASE;2020-10-31;99
DS;ZADI;BASE;2020-11-30;103
DS;ZADI;BASE;2020-12-31;78
DS;ZADI;BASE;2021-01-31;128
DS;ZADI;BASE;2021-02-28;90
DS;ZADI;BASE;2021-03-31;112
DS;ZADI;BASE;2021-04-30;82
DS;ZADI;BASE;2021-05-31;68
DS;ZADI;BASE;2021-06-30;77
DS;ZADI;PROMO;2015-05-31;28
DS;ZADI;PROMO;2015-06-30;56
DS;ZADI;PROMO;2015-07-31;87
DS;ZADI;PROMO;2015-08-31;115
DS;ZADI;PROMO;2015-09-30;153
DS;ZADI;PROMO;2015-10-31;327
DS;ZADI;PROMO;2015-11-30;670
DS;ZADI;PROMO;2015-12-31;353
DS;ZADI;PROMO;2016-01-31;572
DS;ZADI;PROMO;2016-02-29;354
DS;ZADI;PROMO;2016-03-31;828
DS;ZADI;PROMO;2016-04-30;238
DS;ZADI;PROMO;2016-05-31;182
DS;ZADI;PROMO;2016-06-30;259
DS;ZADI;PROMO;2016-07-31;223
DS;ZADI;PROMO;2016-08-31;189
DS;ZADI;PROMO;2016-09-30;388
DS;ZADI;PROMO;2016-10-31;266
DS;ZADI;PROMO;2016-11-30;363
DS;ZADI;PROMO;2016-12-31;492
DS;ZADI;PROMO;2017-01-31;425
DS;ZADI;PROMO;2017-02-28;438
DS;ZADI;PROMO;2017-03-31;349
DS;ZADI;PROMO;2017-04-30;476
DS;ZADI;PROMO;2017-05-31;439
DS;ZADI;PROMO;2017-06-30;622
DS;ZADI;PROMO;2017-07-31;349
DS;ZADI;PROMO;2017-08-31;221
DS;ZADI;PROMO;2017-09-30;763
DS;ZADI;PROMO;2017-10-31;528
DS;ZADI;PROMO;2017-11-30;682
DS;ZADI;PROMO;2017-12-31;1009
DS;ZADI;PROMO;2018-01-31;750
DS;ZADI;PROMO;2018-02-28;736
DS;ZADI;PROMO;2018-03-31;806
DS;ZADI;PROMO;2018-04-30;602
DS;ZADI;PROMO;2018-05-31;576
DS;ZADI;PROMO;2018-06-30;535
DS;ZADI;PROMO;2018-07-31;129
DS;ZADI;PROMO;2018-08-31;197
DS;ZADI;PROMO;2018-09-30;673
DS;ZADI;PROMO;2018-10-31;703
DS;ZADI;PROMO;2018-11-30;599
DS;ZADI;PROMO;2018-12-31;997
DS;ZADI;PROMO;2019-01-31;982
DS;ZADI;PROMO;2019-02-28;769
DS;ZADI;PROMO;2019-03-31;608
DS;ZADI;PROMO;2019-04-30;411
DS;ZADI;PROMO;2019-05-31;502
DS;ZADI;PROMO;2019-06-30;554
DS;ZADI;PROMO;2019-07-31;197
DS;ZADI;PROMO;2019-08-31;301
DS;ZADI;PROMO;2019-09-30;515
DS;ZADI;PROMO;2019-10-31;589
DS;ZADI;PROMO;2019-11-30;641
DS;ZADI;PROMO;2019-12-31;401
DS;ZADI;PROMO;2020-01-31;710
DS;ZADI;PROMO;2020-02-29;637
DS;ZADI;PROMO;2020-03-31;686
DS;ZADI;PROMO;2020-04-30;1428
DS;ZADI;PROMO;2020-05-31;1122
DS;ZADI;PROMO;2020-06-30;1019
DS;ZADI;PROMO;2020-07-31;382
DS;ZADI;PROMO;2020-08-31;176
DS;ZADI;PROMO;2020-09-30;261
DS;ZADI;PROMO;2020-10-31;724
DS;ZADI;PROMO;2020-11-30;888
DS;ZADI;PROMO;2020-12-31;839
DS;ZADI;PROMO;2021-01-31;1014
DS;ZADI;PROMO;2021-02-28;672
DS;ZADI;PROMO;2021-03-31;676
DS;ZADI;PROMO;2021-04-30;433
DS;ZADI;PROMO;2021-05-31;455
DS;ZADI;PROMO;2021-06-30;359
DS;ZADI;STUDENTS;2015-09-30;12
DS;ZADI;STUDENTS;2015-10-31;88
DS;ZADI;STUDENTS;2015-11-30;34
DS;ZADI;STUDENTS;2015-12-31;20
DS;ZADI;STUDENTS;2016-01-31;39
DS;ZADI;STUDENTS;2016-02-29;16
DS;ZADI;STUDENTS;2016-03-31;11
DS;ZADI;STUDENTS;2016-04-30;19
DS;ZADI;STUDENTS;2016-05-31;19
DS;ZADI;STUDENTS;2016-06-30;15
DS;ZADI;STUDENTS;2016-07-31;15
DS;ZADI;STUDENTS;2016-08-31;8
DS;ZADI;STUDENTS;2016-09-30;43
DS;ZADI;STUDENTS;2016-10-31;63
DS;ZADI;STUDENTS;2016-11-30;42
DS;ZADI;STUDENTS;2016-12-31;38
DS;ZADI;STUDENTS;2017-01-31;22
DS;ZADI;STUDENTS;2017-02-28;26
DS;ZADI;STUDENTS;2017-03-31;19
DS;ZADI;STUDENTS;2017-04-30;24
DS;ZADI;STUDENTS;2017-05-31;14
DS;ZADI;STUDENTS;2017-06-30;10
DS;ZADI;STUDENTS;2017-07-31;8
DS;ZADI;STUDENTS;2017-08-31;21
DS;ZADI;STUDENTS;2017-09-30;21
DS;ZADI;STUDENTS;2017-10-31;43
DS;ZADI;STUDENTS;2017-11-30;40
DS;ZADI;STUDENTS;2017-12-31;26
DS;ZADI;STUDENTS;2018-01-31;29
DS;ZADI;STUDENTS;2018-02-28;16
DS;ZADI;STUDENTS;2018-03-31;22
DS;ZADI;STUDENTS;2018-04-30;21
DS;ZADI;STUDENTS;2018-05-31;11
DS;ZADI;STUDENTS;2018-06-30;17
DS;ZADI;STUDENTS;2018-07-31;14
DS;ZADI;STUDENTS;2018-08-31;12
DS;ZADI;STUDENTS;2018-09-30;33
DS;ZADI;STUDENTS;2018-10-31;53
DS;ZADI;STUDENTS;2018-11-30;46
DS;ZADI;STUDENTS;2018-12-31;38
DS;ZADI;STUDENTS;2019-01-31;18
DS;ZADI;STUDENTS;2019-02-28;27
DS;ZADI;STUDENTS;2019-03-31;37
DS;ZADI;STUDENTS;2019-04-30;27
DS;ZADI;STUDENTS;2019-05-31;16
DS;ZADI;STUDENTS;2019-06-30;16
DS;ZADI;STUDENTS;2019-07-31;10
DS;ZADI;STUDENTS;2019-08-31;14
DS;ZADI;STUDENTS;2019-09-30;19
DS;ZADI;STUDENTS;2019-10-31;79
DS;ZADI;STUDENTS;2019-11-30;54
DS;ZADI;STUDENTS;2019-12-31;41
DS;ZADI;STUDENTS;2020-01-31;53
DS;ZADI;STUDENTS;2020-02-29;33
DS;ZADI;STUDENTS;2020-03-31;62
DS;ZADI;STUDENTS;2020-04-30;40
DS;ZADI;STUDENTS;2020-05-31;39
DS;ZADI;STUDENTS;2020-06-30;28
DS;ZADI;STUDENTS;2020-07-31;25
DS;ZADI;STUDENTS;2020-08-31;40
DS;ZADI;STUDENTS;2020-09-30;58
DS;ZADI;STUDENTS;2020-10-31;75
DS;ZADI;STUDENTS;2020-11-30;50
DS;ZADI;STUDENTS;2020-12-31;37
DS;ZADI;STUDENTS;2021-01-31;35
DS;ZADI;STUDENTS;2021-02-28;49
DS;ZADI;STUDENTS;2021-03-31;31
DS;ZADI;STUDENTS;2021-04-30;40
DS;ZADI;STUDENTS;2021-05-31;42
DS;ZADI;STUDENTS;2021-06-30;16
DS;ZADI;STUNT;2015-05-31;8
DS;ZADI;STUNT;2015-06-30;15
DS;ZADI;STUNT;2015-07-31;11
DS;ZADI;STUNT;2015-08-31;30
DS;ZADI;STUNT;2015-09-30;46
DS;ZADI;STUNT;2015-10-31;50
DS;ZADI;STUNT;2015-11-30;25
DS;ZADI;STUNT;2015-12-31;18
DS;ZADI;STUNT;2016-01-31;61
DS;ZADI;STUNT;2016-02-29;24
DS;ZADI;STUNT;2016-03-31;40
DS;ZADI;STUNT;2016-04-30;34
DS;ZADI;STUNT;2016-05-31;30
DS;ZADI;STUNT;2016-06-30;34
DS;ZADI;STUNT;2016-07-31;27
DS;ZADI;STUNT;2016-08-31;17
DS;ZADI;STUNT;2016-09-30;40
DS;ZADI;STUNT;2016-10-31;674
DS;ZADI;STUNT;2016-11-30;251
DS;ZADI;STUNT;2016-12-31;55
DS;ZADI;STUNT;2017-01-31;27
DS;ZADI;STUNT;2017-02-28;16
DS;ZADI;STUNT;2017-03-31;26
DS;ZADI;STUNT;2017-04-30;76
DS;ZADI;STUNT;2017-05-31;28
DS;ZADI;STUNT;2017-06-30;16
DS;ZADI;STUNT;2017-07-31;1199
DS;ZADI;STUNT;2017-08-31;424
DS;ZADI;STUNT;2017-09-30;217
DS;ZADI;STUNT;2017-10-31;189
DS;ZADI;STUNT;2017-11-30;221
DS;ZADI;STUNT;2017-12-31;221
DS;ZADI;STUNT;2018-01-31;194
DS;ZADI;STUNT;2018-02-28;175
DS;ZADI;STUNT;2018-03-31;168
DS;ZADI;STUNT;2018-04-30;112
DS;ZADI;STUNT;2018-05-31;106
DS;ZADI;STUNT;2018-06-30;850
DS;ZADI;STUNT;2018-07-31;2237
DS;ZADI;STUNT;2018-08-31;1265
DS;ZADI;STUNT;2018-09-30;242
DS;ZADI;STUNT;2018-10-31;198
DS;ZADI;STUNT;2018-11-30;169
DS;ZADI;STUNT;2018-12-31;202
DS;ZADI;STUNT;2019-01-31;160
DS;ZADI;STUNT;2019-02-28;173
DS;ZADI;STUNT;2019-03-31;139
DS;ZADI;STUNT;2019-04-30;87
DS;ZADI;STUNT;2019-05-31;222
DS;ZADI;STUNT;2019-06-30;908
DS;ZADI;STUNT;2019-07-31;2828
DS;ZADI;STUNT;2019-08-31;1895
DS;ZADI;STUNT;2019-09-30;381
DS;ZADI;STUNT;2019-10-31;381
DS;ZADI;STUNT;2019-11-30;407
DS;ZADI;STUNT;2019-12-31;268
DS;ZADI;STUNT;2020-01-31;521
DS;ZADI;STUNT;2020-02-29;327
DS;ZADI;STUNT;2020-03-31;1199
DS;ZADI;STUNT;2020-04-30;1950
DS;ZADI;STUNT;2020-05-31;973
DS;ZADI;STUNT;2020-06-30;410
DS;ZADI;STUNT;2020-07-31;1729
DS;ZADI;STUNT;2020-08-31;1921
DS;ZADI;STUNT;2020-09-30;859
DS;ZADI;STUNT;2020-10-31;293
DS;ZADI;STUNT;2020-11-30;379
DS;ZADI;STUNT;2020-12-31;278
DS;ZADI;STUNT;2021-01-31;333
DS;ZADI;STUNT;2021-02-28;293
DS;ZADI;STUNT;2021-03-31;281
DS;ZADI;STUNT;2021-04-30;255
DS;ZADI;STUNT;2021-05-31;214
DS;ZADI;STUNT;2021-06-30;574
NB;DIGI;BASE;2014-01-31;16
NB;DIGI;BASE;2014-02-28;12
NB;DIGI;BASE;2014-03-31;58
NB;DIGI;BASE;2014-04-30;54
NB;DIGI;BASE;2014-05-31;20
NB;DIGI;BASE;2014-06-30;9
NB;DIGI;BASE;2014-07-31;13
NB;DIGI;BASE;2014-08-31;14
NB;DIGI;BASE;2014-09-30;11
NB;DIGI;BASE;2014-10-31;17
NB;DIGI;BASE;2014-11-30;9
NB;DIGI;BASE;2014-12-31;12
NB;DIGI;BASE;2015-01-31;14
NB;DIGI;BASE;2015-02-28;7
NB;DIGI;BASE;2015-03-31;15
NB;DIGI;BASE;2015-04-30;10
NB;DIGI;BASE;2015-05-31;11
NB;DIGI;BASE;2015-06-30;8
NB;DIGI;BASE;2015-07-31;11
NB;DIGI;BASE;2015-08-31;12
NB;DIGI;BASE;2015-09-30;6
NB;DIGI;BASE;2015-10-31;8
NB;DIGI;BASE;2016-01-31;6
NB;DIGI;BASE;2016-02-29;8
NB;DIGI;BASE;2016-03-31;7
NB;DIGI;BASE;2016-04-30;16
NB;DIGI;BASE;2016-06-30;14
NB;DIGI;BASE;2016-09-30;6
NB;DIGI;BASE;2016-11-30;9
NB;DIGI;BASE;2017-03-31;7
NB;DIGI;BASE;2017-06-30;7
NB;DIGI;BASE;2017-07-31;9
NB;DIGI;BASE;2017-08-31;15
NB;DIGI;BASE;2017-09-30;6
NB;DIGI;BASE;2017-10-31;7
NB;DIGI;BASE;2017-12-31;7
NB;DIGI;BASE;2018-01-31;20
NB;DIGI;BASE;2018-02-28;10
NB;DIGI;BASE;2018-03-31;9
NB;DIGI;BASE;2018-04-30;9
NB;DIGI;BASE;2018-05-31;12
NB;DIGI;BASE;2018-06-30;17
NB;DIGI;BASE;2018-07-31;16
NB;DIGI;BASE;2018-08-31;7
NB;DIGI;BASE;2018-09-30;14
NB;DIGI;BASE;2018-10-31;8
NB;DIGI;BASE;2018-11-30;15
NB;DIGI;BASE;2018-12-31;7
NB;DIGI;BASE;2019-03-31;13
NB;DIGI;BASE;2019-04-30;9
NB;DIGI;BASE;2019-05-31;8
NB;DIGI;BASE;2019-06-30;9
NB;DIGI;BASE;2019-07-31;15
NB;DIGI;BASE;2019-08-31;7
NB;DIGI;BASE;2019-10-31;7
NB;DIGI;BASE;2019-12-31;16
NB;DIGI;BASE;2020-01-31;19
NB;DIGI;BASE;2020-02-29;23
NB;DIGI;BASE;2020-03-31;42
NB;DIGI;BASE;2020-04-30;59
NB;DIGI;BASE;2020-05-31;30
NB;DIGI;BASE;2020-06-30;47
NB;DIGI;BASE;2020-07-31;37
NB;DIGI;BASE;2020-08-31;40
NB;DIGI;BASE;2020-09-30;33
NB;DIGI;BASE;2020-10-31;32
NB;DIGI;BASE;2020-11-30;42
NB;DIGI;BASE;2020-12-31;32
NB;DIGI;BASE;2021-01-31;42
NB;DIGI;BASE;2021-02-28;64
NB;DIGI;BASE;2021-03-31;58
NB;DIGI;BASE;2021-04-30;47
NB;DIGI;BASE;2021-05-31;36
NB;DIGI;BASE;2021-06-30;33
NB;DIGI;PROMO;2013-06-30;13
NB;DIGI;PROMO;2013-07-31;49
NB;DIGI;PROMO;2013-08-31;16
NB;DIGI;PROMO;2013-09-30;65
NB;DIGI;PROMO;2013-10-31;19
NB;DIGI;PROMO;2013-11-30;247
NB;DIGI;PROMO;2013-12-31;395
NB;DIGI;PROMO;2014-01-31;401
NB;DIGI;PROMO;2014-02-28;167
NB;DIGI;PROMO;2014-03-31;177
NB;DIGI;PROMO;2014-04-30;94
NB;DIGI;PROMO;2014-05-31;497
NB;DIGI;PROMO;2014-06-30;197
NB;DIGI;PROMO;2014-07-31;260
NB;DIGI;PROMO;2014-08-31;162
NB;DIGI;PROMO;2014-09-30;1356
NB;DIGI;PROMO;2014-10-31;634
NB;DIGI;PROMO;2014-11-30;301
NB;DIGI;PROMO;2014-12-31;137
NB;DIGI;PROMO;2015-01-31;190
NB;DIGI;PROMO;2015-02-28;1376
NB;DIGI;PROMO;2015-03-31;614
NB;DIGI;PROMO;2015-04-30;371
NB;DIGI;PROMO;2015-05-31;95
NB;DIGI;PROMO;2015-06-30;146
NB;DIGI;PROMO;2015-07-31;159
NB;DIGI;PROMO;2015-08-31;96
NB;DIGI;PROMO;2015-09-30;319
NB;DIGI;PROMO;2015-10-31;145
NB;DIGI;PROMO;2015-11-30;61
NB;DIGI;PROMO;2015-12-31;86
NB;DIGI;PROMO;2016-01-31;132
NB;DIGI;PROMO;2016-02-29;88
NB;DIGI;PROMO;2016-03-31;88
NB;DIGI;PROMO;2016-04-30;160
NB;DIGI;PROMO;2016-05-31;108
NB;DIGI;PROMO;2016-06-30;117
NB;DIGI;PROMO;2016-07-31;111
NB;DIGI;PROMO;2016-08-31;60
NB;DIGI;PROMO;2016-09-30;241
NB;DIGI;PROMO;2016-10-31;161
NB;DIGI;PROMO;2016-11-30;75
NB;DIGI;PROMO;2016-12-31;123
NB;DIGI;PROMO;2017-01-31;46
NB;DIGI;PROMO;2017-02-28;37
NB;DIGI;PROMO;2017-03-31;58
NB;DIGI;PROMO;2017-04-30;51
NB;DIGI;PROMO;2017-05-31;41
NB;DIGI;PROMO;2017-06-30;56
NB;DIGI;PROMO;2017-07-31;41
NB;DIGI;PROMO;2017-08-31;53
NB;DIGI;PROMO;2017-09-30;27
NB;DIGI;PROMO;2017-10-31;23
NB;DIGI;PROMO;2017-11-30;60
NB;DIGI;PROMO;2017-12-31;43
NB;DIGI;PROMO;2018-01-31;81
NB;DIGI;PROMO;2018-02-28;80
NB;DIGI;PROMO;2018-03-31;81
NB;DIGI;PROMO;2018-04-30;90
NB;DIGI;PROMO;2018-05-31;70
NB;DIGI;PROMO;2018-06-30;19
NB;DIGI;PROMO;2018-07-31;22
NB;DIGI;PROMO;2018-08-31;18
NB;DIGI;PROMO;2018-09-30;15
NB;DIGI;PROMO;2018-10-31;24
NB;DIGI;PROMO;2018-11-30;17
NB;DIGI;PROMO;2018-12-31;17
NB;DIGI;PROMO;2019-01-31;10
NB;DIGI;PROMO;2019-02-28;10
NB;DIGI;PROMO;2019-03-31;19
NB;DIGI;PROMO;2019-04-30;19
NB;DIGI;PROMO;2019-05-31;19
NB;DIGI;PROMO;2019-06-30;11
NB;DIGI;PROMO;2019-07-31;37
NB;DIGI;PROMO;2019-08-31;20
NB;DIGI;PROMO;2019-09-30;17
NB;DIGI;PROMO;2019-10-31;15
NB;DIGI;PROMO;2019-11-30;10
NB;DIGI;PROMO;2019-12-31;9
NB;DIGI;PROMO;2020-01-31;14
NB;DIGI;PROMO;2020-02-29;21
NB;DIGI;PROMO;2020-03-31;43
NB;DIGI;PROMO;2020-04-30;84
NB;DIGI;PROMO;2020-05-31;39
NB;DIGI;PROMO;2020-06-30;37
NB;DIGI;PROMO;2020-07-31;44
NB;DIGI;PROMO;2020-08-31;69
NB;DIGI;PROMO;2020-09-30;44
NB;DIGI;PROMO;2020-10-31;52
NB;DIGI;PROMO;2020-11-30;61
NB;DIGI;PROMO;2020-12-31;38
NB;DIGI;PROMO;2021-01-31;57
NB;DIGI;PROMO;2021-02-28;65
NB;DIGI;PROMO;2021-03-31;68
NB;DIGI;PROMO;2021-04-30;32
NB;DIGI;PROMO;2021-05-31;49
NB;DIGI;PROMO;2021-06-30;63
NB;DIGI;STUDENTS;2013-11-30;64
NB;DIGI;STUDENTS;2013-12-31;43
NB;DIGI;STUDENTS;2014-09-30;32
NB;DIGI;STUDENTS;2014-10-31;9
NB;DIGI;STUDENTS;2018-10-31;6
NB;DIGI;STUDENTS;2021-03-31;8
NB;DIGI;STUNT;2014-06-30;40
NB;DIGI;STUNT;2014-07-31;128
NB;DIGI;STUNT;2015-05-31;24
NB;DIGI;STUNT;2015-06-30;25
NB;DIGI;STUNT;2015-07-31;50
NB;DIGI;STUNT;2015-08-31;34
NB;DIGI;STUNT;2015-09-30;52
NB;DIGI;STUNT;2015-10-31;42
NB;DIGI;STUNT;2015-11-30;63
NB;DIGI;STUNT;2015-12-31;23
NB;DIGI;STUNT;2016-01-31;112
NB;DIGI;STUNT;2016-02-29;33
NB;DIGI;STUNT;2016-03-31;65
NB;DIGI;STUNT;2016-04-30;41
NB;DIGI;STUNT;2016-05-31;53
NB;DIGI;STUNT;2016-06-30;50
NB;DIGI;STUNT;2016-07-31;7
NB;DIGI;STUNT;2016-09-30;11
NB;DIGI;STUNT;2016-10-31;11
NB;DIGI;STUNT;2016-11-30;21
NB;DIGI;STUNT;2016-12-31;18
NB;DIGI;STUNT;2017-01-31;6
NB;DIGI;STUNT;2017-02-28;10
NB;DIGI;STUNT;2017-03-31;16
NB;DIGI;STUNT;2017-04-30;20
NB;DIGI;STUNT;2017-05-31;25
NB;DIGI;STUNT;2017-06-30;22
NB;DIGI;STUNT;2017-07-31;60
NB;DIGI;STUNT;2017-08-31;24
NB;DIGI;STUNT;2017-09-30;28
NB;DIGI;STUNT;2017-10-31;24
NB;DIGI;STUNT;2017-11-30;34
NB;DIGI;STUNT;2017-12-31;27
NB;DIGI;STUNT;2018-01-31;21
NB;DIGI;STUNT;2018-02-28;18
NB;DIGI;STUNT;2018-03-31;24
NB;DIGI;STUNT;2018-04-30;28
NB;DIGI;STUNT;2018-05-31;10
NB;DIGI;STUNT;2018-06-30;6
NB;DIGI;STUNT;2018-07-31;8
NB;DIGI;STUNT;2018-08-31;15
NB;DIGI;STUNT;2018-11-30;6
NB;DIGI;STUNT;2019-02-28;6
NB;DIGI;STUNT;2019-04-30;9
NB;DIGI;STUNT;2019-05-31;6
NB;DIGI;STUNT;2019-06-30;13
NB;FULL;BASE;2013-03-31;17
NB;FULL;BASE;2013-05-31;13
NB;FULL;BASE;2013-06-30;6
NB;FULL;BASE;2013-07-31;20
NB;FULL;BASE;2013-08-31;19
NB;FULL;BASE;2013-09-30;34
NB;FULL;BASE;2013-10-31;21
NB;FULL;BASE;2013-11-30;632
NB;FULL;BASE;2013-12-31;517
NB;FULL;BASE;2014-01-31;105
NB;FULL;BASE;2014-02-28;56
NB;FULL;BASE;2014-03-31;49
NB;FULL;BASE;2014-04-30;28
NB;FULL;BASE;2014-05-31;42
NB;FULL;BASE;2014-06-30;58
NB;FULL;BASE;2014-07-31;53
NB;FULL;BASE;2014-08-31;52
NB;FULL;BASE;2014-09-30;54
NB;FULL;BASE;2014-10-31;73
NB;FULL;BASE;2014-11-30;55
NB;FULL;BASE;2014-12-31;34
NB;FULL;BASE;2015-01-31;70
NB;FULL;BASE;2015-02-28;51
NB;FULL;BASE;2015-03-31;77
NB;FULL;BASE;2015-04-30;32
NB;FULL;BASE;2015-05-31;34
NB;FULL;BASE;2015-06-30;36
NB;FULL;BASE;2015-07-31;36
NB;FULL;BASE;2015-08-31;24
NB;FULL;BASE;2015-09-30;32
NB;FULL;BASE;2015-10-31;50
NB;FULL;BASE;2015-11-30;29
NB;FULL;BASE;2015-12-31;20
NB;FULL;BASE;2016-01-31;67
NB;FULL;BASE;2016-02-29;26
NB;FULL;BASE;2016-03-31;26
NB;FULL;BASE;2016-04-30;13
NB;FULL;BASE;2016-05-31;35
NB;FULL;BASE;2016-06-30;38
NB;FULL;BASE;2016-07-31;17
NB;FULL;BASE;2016-08-31;21
NB;FULL;BASE;2016-09-30;19
NB;FULL;BASE;2016-10-31;34
NB;FULL;BASE;2016-11-30;34
NB;FULL;BASE;2016-12-31;48
NB;FULL;BASE;2017-01-31;44
NB;FULL;BASE;2017-02-28;28
NB;FULL;BASE;2017-03-31;42
NB;FULL;BASE;2017-04-30;23
NB;FULL;BASE;2017-05-31;21
NB;FULL;BASE;2017-06-30;35
NB;FULL;BASE;2017-07-31;25
NB;FULL;BASE;2017-08-31;22
NB;FULL;BASE;2017-09-30;23
NB;FULL;BASE;2017-10-31;26
NB;FULL;BASE;2017-11-30;36
NB;FULL;BASE;2017-12-31;20
NB;FULL;BASE;2018-01-31;42
NB;FULL;BASE;2018-02-28;28
NB;FULL;BASE;2018-03-31;41
NB;FULL;BASE;2018-04-30;112
NB;FULL;BASE;2018-05-31;156
NB;FULL;BASE;2018-06-30;191
NB;FULL;BASE;2018-07-31;180
NB;FULL;BASE;2018-08-31;174
NB;FULL;BASE;2018-09-30;185
NB;FULL;BASE;2018-10-31;255
NB;FULL;BASE;2018-11-30;162
NB;FULL;BASE;2018-12-31;141
NB;FULL;BASE;2019-01-31;172
NB;FULL;BASE;2019-02-28;110
NB;FULL;BASE;2019-03-31;106
NB;FULL;BASE;2019-04-30;92
NB;FULL;BASE;2019-05-31;56
NB;FULL;BASE;2019-06-30;63
NB;FULL;BASE;2019-07-31;74
NB;FULL;BASE;2019-08-31;75
NB;FULL;BASE;2019-09-30;100
NB;FULL;BASE;2019-10-31;89
NB;FULL;BASE;2019-11-30;68
NB;FULL;BASE;2019-12-31;56
NB;FULL;BASE;2020-01-31;145
NB;FULL;BASE;2020-02-29;152
NB;FULL;BASE;2020-03-31;187
NB;FULL;BASE;2020-04-30;192
NB;FULL;BASE;2020-05-31;154
NB;FULL;BASE;2020-06-30;139
NB;FULL;BASE;2020-07-31;136
NB;FULL;BASE;2020-08-31;149
NB;FULL;BASE;2020-09-30;190
NB;FULL;BASE;2020-10-31;210
NB;FULL;BASE;2020-11-30;171
NB;FULL;BASE;2020-12-31;155
NB;FULL;BASE;2021-01-31;226
NB;FULL;BASE;2021-02-28;224
NB;FULL;BASE;2021-03-31;227
NB;FULL;BASE;2021-04-30;163
NB;FULL;BASE;2021-05-31;157
NB;FULL;BASE;2021-06-30;164
NB;FULL;PROMO;2012-11-30;10
NB;FULL;PROMO;2012-12-31;173
NB;FULL;PROMO;2013-01-31;138
NB;FULL;PROMO;2013-02-28;459
NB;FULL;PROMO;2013-03-31;408
NB;FULL;PROMO;2013-04-30;265
NB;FULL;PROMO;2013-05-31;322
NB;FULL;PROMO;2013-06-30;411
NB;FULL;PROMO;2013-07-31;563
NB;FULL;PROMO;2013-08-31;733
NB;FULL;PROMO;2013-09-30;785
NB;FULL;PROMO;2013-10-31;834
NB;FULL;PROMO;2013-11-30;1923
NB;FULL;PROMO;2013-12-31;2010
NB;FULL;PROMO;2014-01-31;1537
NB;FULL;PROMO;2014-02-28;869
NB;FULL;PROMO;2014-03-31;1257
NB;FULL;PROMO;2014-04-30;1092
NB;FULL;PROMO;2014-05-31;1350
NB;FULL;PROMO;2014-06-30;1612
NB;FULL;PROMO;2014-07-31;1347
NB;FULL;PROMO;2014-08-31;780
NB;FULL;PROMO;2014-09-30;2675
NB;FULL;PROMO;2014-10-31;2283
NB;FULL;PROMO;2014-11-30;1397
NB;FULL;PROMO;2014-12-31;943
NB;FULL;PROMO;2015-01-31;2045
NB;FULL;PROMO;2015-02-28;3016
NB;FULL;PROMO;2015-03-31;1801
NB;FULL;PROMO;2015-04-30;1308
NB;FULL;PROMO;2015-05-31;773
NB;FULL;PROMO;2015-06-30;1086
NB;FULL;PROMO;2015-07-31;1181
NB;FULL;PROMO;2015-08-31;810
NB;FULL;PROMO;2015-09-30;1778
NB;FULL;PROMO;2015-10-31;1527
NB;FULL;PROMO;2015-11-30;1699
NB;FULL;PROMO;2015-12-31;1251
NB;FULL;PROMO;2016-01-31;1355
NB;FULL;PROMO;2016-02-29;1382
NB;FULL;PROMO;2016-03-31;1017
NB;FULL;PROMO;2016-04-30;1296
NB;FULL;PROMO;2016-05-31;1060
NB;FULL;PROMO;2016-06-30;1460
NB;FULL;PROMO;2016-07-31;1024
NB;FULL;PROMO;2016-08-31;853
NB;FULL;PROMO;2016-09-30;1333
NB;FULL;PROMO;2016-10-31;2624
NB;FULL;PROMO;2016-11-30;1543
NB;FULL;PROMO;2016-12-31;1738
NB;FULL;PROMO;2017-01-31;1273
NB;FULL;PROMO;2017-02-28;773
NB;FULL;PROMO;2017-03-31;1144
NB;FULL;PROMO;2017-04-30;802
NB;FULL;PROMO;2017-05-31;763
NB;FULL;PROMO;2017-06-30;934
NB;FULL;PROMO;2017-07-31;598
NB;FULL;PROMO;2017-08-31;632
NB;FULL;PROMO;2017-09-30;1129
NB;FULL;PROMO;2017-10-31;1183
NB;FULL;PROMO;2017-11-30;1201
NB;FULL;PROMO;2017-12-31;926
NB;FULL;PROMO;2018-01-31;1118
NB;FULL;PROMO;2018-02-28;815
NB;FULL;PROMO;2018-03-31;855
NB;FULL;PROMO;2018-04-30;950
NB;FULL;PROMO;2018-05-31;739
NB;FULL;PROMO;2018-06-30;882
NB;FULL;PROMO;2018-07-31;606
NB;FULL;PROMO;2018-08-31;527
NB;FULL;PROMO;2018-09-30;982
NB;FULL;PROMO;2018-10-31;1503
NB;FULL;PROMO;2018-11-30;992
NB;FULL;PROMO;2018-12-31;1225
NB;FULL;PROMO;2019-01-31;1477
NB;FULL;PROMO;2019-02-28;1559
NB;FULL;PROMO;2019-03-31;1025
NB;FULL;PROMO;2019-04-30;973
NB;FULL;PROMO;2019-05-31;1007
NB;FULL;PROMO;2019-06-30;797
NB;FULL;PROMO;2019-07-31;995
NB;FULL;PROMO;2019-08-31;775
NB;FULL;PROMO;2019-09-30;1047
NB;FULL;PROMO;2019-10-31;1191
NB;FULL;PROMO;2019-11-30;832
NB;FULL;PROMO;2019-12-31;748
NB;FULL;PROMO;2020-01-31;1366
NB;FULL;PROMO;2020-02-29;790
NB;FULL;PROMO;2020-03-31;1066
NB;FULL;PROMO;2020-04-30;1484
NB;FULL;PROMO;2020-05-31;980
NB;FULL;PROMO;2020-06-30;753
NB;FULL;PROMO;2020-07-31;630
NB;FULL;PROMO;2020-08-31;666
NB;FULL;PROMO;2020-09-30;720
NB;FULL;PROMO;2020-10-31;604
NB;FULL;PROMO;2020-11-30;900
NB;FULL;PROMO;2020-12-31;1038
NB;FULL;PROMO;2021-01-31;1151
NB;FULL;PROMO;2021-02-28;674
NB;FULL;PROMO;2021-03-31;504
NB;FULL;PROMO;2021-04-30;519
NB;FULL;PROMO;2021-05-31;471
NB;FULL;PROMO;2021-06-30;455
NB;FULL;STUDENTS;2013-09-30;82
NB;FULL;STUDENTS;2013-10-31;191
NB;FULL;STUDENTS;2013-11-30;497
NB;FULL;STUDENTS;2013-12-31;367
NB;FULL;STUDENTS;2014-01-31;142
NB;FULL;STUDENTS;2014-02-28;87
NB;FULL;STUDENTS;2014-03-31;63
NB;FULL;STUDENTS;2014-04-30;56
NB;FULL;STUDENTS;2014-05-31;47
NB;FULL;STUDENTS;2014-06-30;67
NB;FULL;STUDENTS;2014-07-31;37
NB;FULL;STUDENTS;2014-08-31;210
NB;FULL;STUDENTS;2014-09-30;320
NB;FULL;STUDENTS;2014-10-31;461
NB;FULL;STUDENTS;2014-11-30;231
NB;FULL;STUDENTS;2014-12-31;163
NB;FULL;STUDENTS;2015-01-31;132
NB;FULL;STUDENTS;2015-02-28;137
NB;FULL;STUDENTS;2015-03-31;112
NB;FULL;STUDENTS;2015-04-30;76
NB;FULL;STUDENTS;2015-05-31;71
NB;FULL;STUDENTS;2015-06-30;88
NB;FULL;STUDENTS;2015-07-31;64
NB;FULL;STUDENTS;2015-08-31;107
NB;FULL;STUDENTS;2015-09-30;181
NB;FULL;STUDENTS;2015-10-31;292
NB;FULL;STUDENTS;2015-11-30;171
NB;FULL;STUDENTS;2015-12-31;116
NB;FULL;STUDENTS;2016-01-31;141
NB;FULL;STUDENTS;2016-02-29;83
NB;FULL;STUDENTS;2016-03-31;107
NB;FULL;STUDENTS;2016-04-30;82
NB;FULL;STUDENTS;2016-05-31;61
NB;FULL;STUDENTS;2016-06-30;64
NB;FULL;STUDENTS;2016-07-31;55
NB;FULL;STUDENTS;2016-08-31;59
NB;FULL;STUDENTS;2016-09-30;112
NB;FULL;STUDENTS;2016-10-31;147
NB;FULL;STUDENTS;2016-11-30;157
NB;FULL;STUDENTS;2016-12-31;115
NB;FULL;STUDENTS;2017-01-31;91
NB;FULL;STUDENTS;2017-02-28;61
NB;FULL;STUDENTS;2017-03-31;89
NB;FULL;STUDENTS;2017-04-30;60
NB;FULL;STUDENTS;2017-05-31;47
NB;FULL;STUDENTS;2017-06-30;60
NB;FULL;STUDENTS;2017-07-31;30
NB;FULL;STUDENTS;2017-08-31;54
NB;FULL;STUDENTS;2017-09-30;90
NB;FULL;STUDENTS;2017-10-31;120
NB;FULL;STUDENTS;2017-11-30;123
NB;FULL;STUDENTS;2017-12-31;83
NB;FULL;STUDENTS;2018-01-31;87
NB;FULL;STUDENTS;2018-02-28;65
NB;FULL;STUDENTS;2018-03-31;67
NB;FULL;STUDENTS;2018-04-30;42
NB;FULL;STUDENTS;2018-05-31;52
NB;FULL;STUDENTS;2018-06-30;54
NB;FULL;STUDENTS;2018-07-31;32
NB;FULL;STUDENTS;2018-08-31;38
NB;FULL;STUDENTS;2018-09-30;80
NB;FULL;STUDENTS;2018-10-31;102
NB;FULL;STUDENTS;2018-11-30;108
NB;FULL;STUDENTS;2018-12-31;68
NB;FULL;STUDENTS;2019-01-31;59
NB;FULL;STUDENTS;2019-02-28;61
NB;FULL;STUDENTS;2019-03-31;49
NB;FULL;STUDENTS;2019-04-30;53
NB;FULL;STUDENTS;2019-05-31;46
NB;FULL;STUDENTS;2019-06-30;44
NB;FULL;STUDENTS;2019-07-31;38
NB;FULL;STUDENTS;2019-08-31;46
NB;FULL;STUDENTS;2019-09-30;63
NB;FULL;STUDENTS;2019-10-31;66
NB;FULL;STUDENTS;2019-11-30;69
NB;FULL;STUDENTS;2019-12-31;46
NB;FULL;STUDENTS;2020-01-31;63
NB;FULL;STUDENTS;2020-02-29;47
NB;FULL;STUDENTS;2020-03-31;72
NB;FULL;STUDENTS;2020-04-30;64
NB;FULL;STUDENTS;2020-05-31;41
NB;FULL;STUDENTS;2020-06-30;34
NB;FULL;STUDENTS;2020-07-31;23
NB;FULL;STUDENTS;2020-08-31;39
NB;FULL;STUDENTS;2020-09-30;48
NB;FULL;STUDENTS;2020-10-31;74
NB;FULL;STUDENTS;2020-11-30;60
NB;FULL;STUDENTS;2020-12-31;50
NB;FULL;STUDENTS;2021-01-31;49
NB;FULL;STUDENTS;2021-02-28;40
NB;FULL;STUDENTS;2021-03-31;40
NB;FULL;STUDENTS;2021-04-30;45
NB;FULL;STUDENTS;2021-05-31;30
NB;FULL;STUDENTS;2021-06-30;34
NB;FULL;STUNT;2016-11-30;61
NB;FULL;STUNT;2016-12-31;69
NB;FULL;STUNT;2017-01-31;63
NB;FULL;STUNT;2017-02-28;88
NB;FULL;STUNT;2017-03-31;76
NB;FULL;STUNT;2017-04-30;53
NB;FULL;STUNT;2017-05-31;37
NB;FULL;STUNT;2017-06-30;47
NB;FULL;STUNT;2017-07-31;72
NB;FULL;STUNT;2017-08-31;45
NB;FULL;STUNT;2017-09-30;61
NB;FULL;STUNT;2017-10-31;53
NB;FULL;STUNT;2017-11-30;68
NB;FULL;STUNT;2017-12-31;46
NB;FULL;STUNT;2018-01-31;44
NB;FULL;STUNT;2018-02-28;63
NB;FULL;STUNT;2018-03-31;70
NB;FULL;STUNT;2018-04-30;40
NB;FULL;STUNT;2018-05-31;42
NB;FULL;STUNT;2018-06-30;55
NB;FULL;STUNT;2018-07-31;51
NB;FULL;STUNT;2018-08-31;45
NB;FULL;STUNT;2018-09-30;23
NB;FULL;STUNT;2018-10-31;28
NB;FULL;STUNT;2018-11-30;37
NB;FULL;STUNT;2018-12-31;27
NB;FULL;STUNT;2019-01-31;25
NB;FULL;STUNT;2019-02-28;16
NB;FULL;STUNT;2019-03-31;41
NB;FULL;STUNT;2019-04-30;25
NB;FULL;STUNT;2019-05-31;17
NB;FULL;STUNT;2019-06-30;24
NB;FULL;STUNT;2019-07-31;8
NB;FULL;STUNT;2021-02-28;57
NB;FULL;STUNT;2021-03-31;173
NB;FULL;STUNT;2021-04-30;12
NB;PLUS;BASE;2018-06-30;84
NB;PLUS;BASE;2018-07-31;84
NB;PLUS;BASE;2018-08-31;57
NB;PLUS;BASE;2018-09-30;110
NB;PLUS;BASE;2018-10-31;122
NB;PLUS;BASE;2018-11-30;75
NB;PLUS;BASE;2018-12-31;19
NB;PLUS;BASE;2019-01-31;25
NB;PLUS;BASE;2019-02-28;32
NB;PLUS;BASE;2019-03-31;30
NB;PLUS;BASE;2019-04-30;17
NB;PLUS;BASE;2019-05-31;32
NB;PLUS;BASE;2019-06-30;34
NB;PLUS;BASE;2019-07-31;28
NB;PLUS;BASE;2019-08-31;53
NB;PLUS;BASE;2019-09-30;36
NB;PLUS;BASE;2019-10-31;34
NB;PLUS;BASE;2019-11-30;29
NB;PLUS;BASE;2019-12-31;31
NB;PLUS;BASE;2020-01-31;29
NB;PLUS;BASE;2020-02-29;60
NB;PLUS;BASE;2020-03-31;127
NB;PLUS;BASE;2020-04-30;175
NB;PLUS;BASE;2020-05-31;77
NB;PLUS;BASE;2020-06-30;54
NB;PLUS;BASE;2020-07-31;52
NB;PLUS;BASE;2020-08-31;61
NB;PLUS;BASE;2020-09-30;62
NB;PLUS;BASE;2020-10-31;53
NB;PLUS;BASE;2020-11-30;48
NB;PLUS;BASE;2020-12-31;52
NB;PLUS;BASE;2021-01-31;38
NB;PLUS;BASE;2021-02-28;78
NB;PLUS;BASE;2021-03-31;62
NB;PLUS;BASE;2021-04-30;48
NB;PLUS;BASE;2021-05-31;45
NB;PLUS;BASE;2021-06-30;56
NB;PLUS;PROMO;2018-06-30;132
NB;PLUS;PROMO;2018-07-31;253
NB;PLUS;PROMO;2018-08-31;357
NB;PLUS;PROMO;2018-09-30;301
NB;PLUS;PROMO;2018-10-31;300
NB;PLUS;PROMO;2018-11-30;330
NB;PLUS;PROMO;2018-12-31;424
NB;PLUS;PROMO;2019-01-31;442
NB;PLUS;PROMO;2019-02-28;373
NB;PLUS;PROMO;2019-03-31;390
NB;PLUS;PROMO;2019-04-30;396
NB;PLUS;PROMO;2019-05-31;500
NB;PLUS;PROMO;2019-06-30;515
NB;PLUS;PROMO;2019-07-31;743
NB;PLUS;PROMO;2019-08-31;834
NB;PLUS;PROMO;2019-09-30;500
NB;PLUS;PROMO;2019-10-31;567
NB;PLUS;PROMO;2019-11-30;467
NB;PLUS;PROMO;2019-12-31;565
NB;PLUS;PROMO;2020-01-31;700
NB;PLUS;PROMO;2020-02-29;671
NB;PLUS;PROMO;2020-03-31;1328
NB;PLUS;PROMO;2020-04-30;1202
NB;PLUS;PROMO;2020-05-31;840
NB;PLUS;PROMO;2020-06-30;577
NB;PLUS;PROMO;2020-07-31;622
NB;PLUS;PROMO;2020-08-31;774
NB;PLUS;PROMO;2020-09-30;609
NB;PLUS;PROMO;2020-10-31;807
NB;PLUS;PROMO;2020-11-30;859
NB;PLUS;PROMO;2020-12-31;603
NB;PLUS;PROMO;2021-01-31;768
NB;PLUS;PROMO;2021-02-28;613
NB;PLUS;PROMO;2021-03-31;684
NB;PLUS;PROMO;2021-04-30;435
NB;PLUS;PROMO;2021-05-31;569
NB;PLUS;PROMO;2021-06-30;601
NB;PLUS;STUNT;2020-03-31;270
NB;PLUS;STUNT;2020-04-30;620
NB;PLUS;STUNT;2020-05-31;383
NB;PLUS;STUNT;2020-06-30;208
NB;PLUS;STUNT;2020-07-31;265
NB;PLUS;STUNT;2020-08-31;280
NB;PLUS;STUNT;2020-10-31;122
NB;PLUS;STUNT;2020-11-30;143
NB;PLUS;STUNT;2020-12-31;106
NB;PLUS;STUNT;2021-01-31;118
NB;PLUS;STUNT;2021-02-28;104
NB;PLUS;STUNT;2021-03-31;95
NB;PLUS;STUNT;2021-04-30;82
NB;PLUS;STUNT;2021-05-31;82
NB;PLUS;STUNT;2021-06-30;89
NB;WEEKEND;BASE;2014-01-31;41
NB;WEEKEND;BASE;2014-02-28;16
NB;WEEKEND;BASE;2014-03-31;18
NB;WEEKEND;BASE;2014-04-30;6
NB;WEEKEND;BASE;2014-05-31;11
NB;WEEKEND;BASE;2014-06-30;14
NB;WEEKEND;BASE;2014-08-31;18
NB;WEEKEND;BASE;2014-09-30;17
NB;WEEKEND;BASE;2014-10-31;17
NB;WEEKEND;BASE;2014-11-30;22
NB;WEEKEND;BASE;2014-12-31;19
NB;WEEKEND;BASE;2015-01-31;43
NB;WEEKEND;BASE;2015-02-28;19
NB;WEEKEND;BASE;2015-03-31;21
NB;WEEKEND;BASE;2015-04-30;15
NB;WEEKEND;BASE;2015-05-31;6
NB;WEEKEND;BASE;2015-06-30;11
NB;WEEKEND;BASE;2015-08-31;7
NB;WEEKEND;BASE;2015-10-31;9
NB;WEEKEND;BASE;2016-01-31;11
NB;WEEKEND;BASE;2016-03-31;6
NB;WEEKEND;BASE;2016-12-31;8
NB;WEEKEND;BASE;2017-12-31;7
NB;WEEKEND;BASE;2018-03-31;6
NB;WEEKEND;BASE;2018-08-31;6
NB;WEEKEND;BASE;2020-01-31;6
NB;WEEKEND;BASE;2020-06-30;7
NB;WEEKEND;BASE;2021-01-31;7
NB;WEEKEND;PROMO;2014-09-30;6
NB;WEEKEND;PROMO;2014-10-31;14
NB;WEEKEND;PROMO;2014-11-30;32
NB;WEEKEND;PROMO;2014-12-31;10
NB;WEEKEND;PROMO;2015-01-31;32
NB;WEEKEND;PROMO;2015-02-28;12
NB;WEEKEND;PROMO;2015-03-31;9
NB;WEEKEND;PROMO;2015-04-30;147
NB;WEEKEND;PROMO;2015-05-31;27
NB;WEEKEND;PROMO;2015-06-30;18
NB;WEEKEND;PROMO;2015-07-31;27
NB;WEEKEND;PROMO;2015-08-31;15
NB;WEEKEND;PROMO;2015-09-30;12
NB;WEEKEND;PROMO;2015-10-31;33
NB;WEEKEND;PROMO;2015-11-30;18
NB;WEEKEND;PROMO;2015-12-31;14
NB;WEEKEND;PROMO;2016-01-31;41
NB;WEEKEND;PROMO;2016-02-29;18
NB;WEEKEND;PROMO;2016-03-31;14
NB;WEEKEND;PROMO;2016-04-30;23
NB;WEEKEND;PROMO;2016-05-31;11
NB;WEEKEND;PROMO;2016-06-30;8
NB;WEEKEND;PROMO;2016-07-31;7
NB;WEEKEND;PROMO;2016-08-31;22
NB;WEEKEND;PROMO;2016-09-30;20
NB;WEEKEND;PROMO;2016-10-31;44
NB;WEEKEND;PROMO;2016-11-30;8
NB;WEEKEND;PROMO;2016-12-31;19
NB;WEEKEND;PROMO;2017-01-31;34
NB;WEEKEND;PROMO;2017-02-28;18
NB;WEEKEND;PROMO;2017-03-31;16
NB;WEEKEND;PROMO;2017-04-30;10
NB;WEEKEND;PROMO;2017-05-31;12
NB;WEEKEND;PROMO;2017-06-30;9
NB;WEEKEND;PROMO;2017-07-31;9
NB;WEEKEND;PROMO;2017-08-31;17
NB;WEEKEND;PROMO;2017-09-30;26
NB;WEEKEND;PROMO;2017-10-31;30
NB;WEEKEND;PROMO;2017-11-30;17
NB;WEEKEND;PROMO;2017-12-31;19
NB;WEEKEND;PROMO;2018-01-31;22
NB;WEEKEND;PROMO;2018-02-28;14
NB;WEEKEND;PROMO;2018-03-31;17
NB;WEEKEND;PROMO;2018-06-30;11
NB;WEEKEND;PROMO;2018-08-31;13
NB;WEEKEND;PROMO;2018-09-30;11
NB;WEEKEND;PROMO;2018-10-31;7
NB;WEEKEND;PROMO;2018-11-30;11
NB;WEEKEND;PROMO;2018-12-31;8
NB;WEEKEND;PROMO;2019-01-31;8
NB;WEEKEND;PROMO;2019-02-28;6
NB;WEEKEND;PROMO;2019-04-30;7
NB;WEEKEND;PROMO;2019-06-30;6
NB;WEEKEND;PROMO;2019-11-30;6
NB;WEEKEND;PROMO;2020-03-31;12
NB;WEEKEND;PROMO;2020-09-30;6
NB;ZADI;BASE;2014-04-30;6
NB;ZADI;BASE;2014-05-31;6
NB;ZADI;BASE;2014-10-31;9
NB;ZADI;BASE;2014-11-30;6
NB;ZADI;BASE;2015-01-31;12
NB;ZADI;BASE;2015-12-31;6
NB;ZADI;BASE;2016-11-30;7
NB;ZADI;BASE;2017-01-31;8
NB;ZADI;BASE;2017-12-31;8
NB;ZADI;BASE;2018-05-31;9
NB;ZADI;BASE;2018-06-30;12
NB;ZADI;BASE;2018-07-31;7
NB;ZADI;BASE;2018-08-31;16
NB;ZADI;BASE;2018-09-30;22
NB;ZADI;BASE;2018-10-31;15
NB;ZADI;BASE;2018-11-30;7
NB;ZADI;BASE;2018-12-31;16
NB;ZADI;BASE;2019-01-31;9
NB;ZADI;BASE;2019-02-28;15
NB;ZADI;BASE;2019-03-31;8
NB;ZADI;BASE;2019-04-30;6
NB;ZADI;BASE;2019-05-31;9
NB;ZADI;BASE;2019-06-30;23
NB;ZADI;BASE;2019-07-31;8
NB;ZADI;BASE;2019-08-31;23
NB;ZADI;BASE;2019-09-30;20
NB;ZADI;BASE;2019-10-31;23
NB;ZADI;BASE;2019-11-30;19
NB;ZADI;BASE;2019-12-31;16
NB;ZADI;BASE;2020-01-31;38
NB;ZADI;BASE;2020-02-29;47
NB;ZADI;BASE;2020-03-31;67
NB;ZADI;BASE;2020-04-30;67
NB;ZADI;BASE;2020-05-31;52
NB;ZADI;BASE;2020-06-30;43
NB;ZADI;BASE;2020-07-31;35
NB;ZADI;BASE;2020-08-31;38
NB;ZADI;BASE;2020-09-30;57
NB;ZADI;BASE;2020-10-31;40
NB;ZADI;BASE;2020-11-30;72
NB;ZADI;BASE;2020-12-31;62
NB;ZADI;BASE;2021-01-31;79
NB;ZADI;BASE;2021-02-28;53
NB;ZADI;BASE;2021-03-31;62
NB;ZADI;BASE;2021-04-30;54
NB;ZADI;BASE;2021-05-31;37
NB;ZADI;BASE;2021-06-30;61
NB;ZADI;PROMO;2013-12-31;38
NB;ZADI;PROMO;2014-01-31;111
NB;ZADI;PROMO;2014-03-31;81
NB;ZADI;PROMO;2014-04-30;45
NB;ZADI;PROMO;2014-05-31;138
NB;ZADI;PROMO;2014-06-30;122
NB;ZADI;PROMO;2014-07-31;23
NB;ZADI;PROMO;2014-08-31;6
NB;ZADI;PROMO;2014-09-30;429
NB;ZADI;PROMO;2014-10-31;211
NB;ZADI;PROMO;2014-11-30;111
NB;ZADI;PROMO;2014-12-31;6
NB;ZADI;PROMO;2015-01-31;57
NB;ZADI;PROMO;2015-02-28;426
NB;ZADI;PROMO;2015-03-31;165
NB;ZADI;PROMO;2015-04-30;98
NB;ZADI;PROMO;2015-05-31;36
NB;ZADI;PROMO;2015-06-30;34
NB;ZADI;PROMO;2015-07-31;37
NB;ZADI;PROMO;2015-08-31;24
NB;ZADI;PROMO;2015-09-30;115
NB;ZADI;PROMO;2015-10-31;89
NB;ZADI;PROMO;2015-11-30;102
NB;ZADI;PROMO;2015-12-31;67
NB;ZADI;PROMO;2016-01-31;45
NB;ZADI;PROMO;2016-02-29;71
NB;ZADI;PROMO;2016-03-31;47
NB;ZADI;PROMO;2016-04-30;107
NB;ZADI;PROMO;2016-05-31;65
NB;ZADI;PROMO;2016-06-30;106
NB;ZADI;PROMO;2016-07-31;62
NB;ZADI;PROMO;2016-08-31;44
NB;ZADI;PROMO;2016-09-30;85
NB;ZADI;PROMO;2016-10-31;196
NB;ZADI;PROMO;2016-11-30;105
NB;ZADI;PROMO;2016-12-31;138
NB;ZADI;PROMO;2017-01-31;66
NB;ZADI;PROMO;2017-02-28;93
NB;ZADI;PROMO;2017-03-31;83
NB;ZADI;PROMO;2017-04-30;197
NB;ZADI;PROMO;2017-05-31;95
NB;ZADI;PROMO;2017-06-30;229
NB;ZADI;PROMO;2017-07-31;229
NB;ZADI;PROMO;2017-08-31;111
NB;ZADI;PROMO;2017-09-30;381
NB;ZADI;PROMO;2017-10-31;314
NB;ZADI;PROMO;2017-11-30;269
NB;ZADI;PROMO;2017-12-31;257
NB;ZADI;PROMO;2018-01-31;266
NB;ZADI;PROMO;2018-02-28;256
NB;ZADI;PROMO;2018-03-31;199
NB;ZADI;PROMO;2018-04-30;213
NB;ZADI;PROMO;2018-05-31;205
NB;ZADI;PROMO;2018-06-30;2175
NB;ZADI;PROMO;2018-07-31;134
NB;ZADI;PROMO;2018-08-31;185
NB;ZADI;PROMO;2018-09-30;495
NB;ZADI;PROMO;2018-10-31;393
NB;ZADI;PROMO;2018-11-30;230
NB;ZADI;PROMO;2018-12-31;476
NB;ZADI;PROMO;2019-01-31;481
NB;ZADI;PROMO;2019-02-28;479
NB;ZADI;PROMO;2019-03-31;327
NB;ZADI;PROMO;2019-04-30;310
NB;ZADI;PROMO;2019-05-31;387
NB;ZADI;PROMO;2019-06-30;435
NB;ZADI;PROMO;2019-07-31;505
NB;ZADI;PROMO;2019-08-31;721
NB;ZADI;PROMO;2019-09-30;516
NB;ZADI;PROMO;2019-10-31;426
NB;ZADI;PROMO;2019-11-30;386
NB;ZADI;PROMO;2019-12-31;464
NB;ZADI;PROMO;2020-01-31;775
NB;ZADI;PROMO;2020-02-29;493
NB;ZADI;PROMO;2020-03-31;631
NB;ZADI;PROMO;2020-04-30;987
NB;ZADI;PROMO;2020-05-31;973
NB;ZADI;PROMO;2020-06-30;677
NB;ZADI;PROMO;2020-07-31;449
NB;ZADI;PROMO;2020-08-31;576
NB;ZADI;PROMO;2020-09-30;406
NB;ZADI;PROMO;2020-10-31;459
NB;ZADI;PROMO;2020-11-30;1568
NB;ZADI;PROMO;2020-12-31;957
NB;ZADI;PROMO;2021-01-31;938
NB;ZADI;PROMO;2021-02-28;422
NB;ZADI;PROMO;2021-03-31;321
NB;ZADI;PROMO;2021-04-30;327
NB;ZADI;PROMO;2021-05-31;368
NB;ZADI;PROMO;2021-06-30;388
NB;ZADI;STUDENTS;2015-10-31;7
NB;ZADI;STUDENTS;2015-11-30;6
NB;ZADI;STUDENTS;2016-01-31;7
NB;ZADI;STUDENTS;2016-11-30;6
NB;ZADI;STUDENTS;2017-01-31;6
NB;ZADI;STUDENTS;2017-04-30;6
NB;ZADI;STUDENTS;2017-10-31;7
NB;ZADI;STUDENTS;2017-12-31;6
NB;ZADI;STUDENTS;2018-09-30;6
NB;ZADI;STUDENTS;2018-10-31;22
NB;ZADI;STUDENTS;2018-11-30;26
NB;ZADI;STUDENTS;2018-12-31;9
NB;ZADI;STUDENTS;2019-01-31;14
NB;ZADI;STUDENTS;2019-02-28;12
NB;ZADI;STUDENTS;2019-04-30;7
NB;ZADI;STUDENTS;2019-05-31;11
NB;ZADI;STUDENTS;2019-06-30;15
NB;ZADI;STUDENTS;2019-07-31;6
NB;ZADI;STUDENTS;2019-08-31;12
NB;ZADI;STUDENTS;2019-09-30;15
NB;ZADI;STUDENTS;2019-10-31;24
NB;ZADI;STUDENTS;2019-11-30;13
NB;ZADI;STUDENTS;2019-12-31;18
NB;ZADI;STUDENTS;2020-01-31;23
NB;ZADI;STUDENTS;2020-02-29;24
NB;ZADI;STUDENTS;2020-03-31;18
NB;ZADI;STUDENTS;2020-04-30;21
NB;ZADI;STUDENTS;2020-05-31;13
NB;ZADI;STUDENTS;2020-06-30;20
NB;ZADI;STUDENTS;2020-07-31;10
NB;ZADI;STUDENTS;2020-08-31;14
NB;ZADI;STUDENTS;2020-09-30;22
NB;ZADI;STUDENTS;2020-10-31;21
NB;ZADI;STUDENTS;2020-11-30;20
NB;ZADI;STUDENTS;2020-12-31;15
NB;ZADI;STUDENTS;2021-01-31;19
NB;ZADI;STUDENTS;2021-02-28;22
NB;ZADI;STUDENTS;2021-03-31;21
NB;ZADI;STUDENTS;2021-04-30;16
NB;ZADI;STUDENTS;2021-05-31;19
NB;ZADI;STUDENTS;2021-06-30;21
NB;ZADI;STUNT;2015-07-31;11
NB;ZADI;STUNT;2015-08-31;12
NB;ZADI;STUNT;2015-09-30;18
NB;ZADI;STUNT;2015-10-31;19
NB;ZADI;STUNT;2015-11-30;10
NB;ZADI;STUNT;2015-12-31;6
NB;ZADI;STUNT;2016-01-31;28
NB;ZADI;STUNT;2016-02-29;9
NB;ZADI;STUNT;2016-03-31;14
NB;ZADI;STUNT;2016-04-30;13
NB;ZADI;STUNT;2016-05-31;12
NB;ZADI;STUNT;2016-06-30;13
NB;ZADI;STUNT;2016-07-31;7
NB;ZADI;STUNT;2016-08-31;9
NB;ZADI;STUNT;2016-09-30;8
NB;ZADI;STUNT;2016-10-31;21
NB;ZADI;STUNT;2016-11-30;19
NB;ZADI;STUNT;2016-12-31;22
NB;ZADI;STUNT;2017-01-31;24
NB;ZADI;STUNT;2017-02-28;894
NB;ZADI;STUNT;2017-03-31;402
NB;ZADI;STUNT;2017-04-30;29
NB;ZADI;STUNT;2017-05-31;21
NB;ZADI;STUNT;2017-06-30;11
NB;ZADI;STUNT;2017-07-31;12
NB;ZADI;STUNT;2017-08-31;12
NB;ZADI;STUNT;2017-09-30;16
NB;ZADI;STUNT;2017-10-31;27
NB;ZADI;STUNT;2017-11-30;16
NB;ZADI;STUNT;2017-12-31;18
NB;ZADI;STUNT;2018-01-31;23
NB;ZADI;STUNT;2018-02-28;1874
NB;ZADI;STUNT;2018-03-31;729
NB;ZADI;STUNT;2018-04-30;20
NB;ZADI;STUNT;2018-05-31;10
NB;ZADI;STUNT;2018-06-30;6
NB;ZADI;STUNT;2018-07-31;7
NB;ZADI;STUNT;2018-11-30;6
NB;ZADI;STUNT;2019-01-31;9
NB;ZADI;STUNT;2019-02-28;34
NB;ZADI;STUNT;2019-03-31;2327
NB;ZADI;STUNT;2019-04-30;17
NB;ZADI;STUNT;2019-06-30;10
NB;ZADI;STUNT;2020-02-29;616
NB;ZADI;STUNT;2020-03-31;2654
NB;ZADI;STUNT;2020-04-30;437
NB;ZADI;STUNT;2020-05-31;197
NB;ZADI;STUNT;2020-06-30;72
NB;ZADI;STUNT;2020-07-31;83
NB;ZADI;STUNT;2020-08-31;208
NB;ZADI;STUNT;2020-09-30;1891
NB;ZADI;STUNT;2020-10-31;88
NB;ZADI;STUNT;2020-11-30;78
NB;ZADI;STUNT;2020-12-31;77
NB;ZADI;STUNT;2021-01-31;55
NB;ZADI;STUNT;2021-02-28;1284
NB;ZADI;STUNT;2021-03-31;1835
NB;ZADI;STUNT;2021-04-30;53
NB;ZADI;STUNT;2021-05-31;34
NB;ZADI;STUNT;2021-06-30;63
